barcode	mds_component_1	mds_component_2	celltype	energy	category
AAACGAAGTGACAAGC	-0.0467182724060481	-0.3498509534467919	OGC	-0.7887303775333191	Non-neuron
AAACGAATCGGATGTT	-0.0409951834853905	-0.2559396887995188	OGC	-0.716188458056023	Non-neuron
AAACTCGCACTCCCAT	0.2555073877114327	0.027845964421289	OPC	-0.7940475049102655	Non-neuron
AAACTCGCATCCATAG	-0.0783365629906285	0.0411526233930969	ASC	-0.7861123557868032	Non-neuron
AAACTCGGTCCGAGCT	0.2072625318606228	0.0262073589477272	OPC	-0.7200583338411529	Non-neuron
AAACTGCGTGATGCGA	0.10253929157417	-0.1109943699098651	OGC	-0.8188439056831772	Non-neuron
AAACTGCGTGGTACTT	-0.1958827501809313	0.2429319715920375	OGC	-0.9497080441149798	Non-neuron
AAAGGATCAACCTCTC	0.176198601500177	-0.2042079396893577	OPC	-0.6150122381443245	Non-neuron
AAAGGATCACTCAGCG	0.202038115969912	0.1879909115577489	OPC	-0.6554967344368563	Non-neuron
AAAGGATTCCCAGTAA	0.0818802131185743	0.0558126343182888	OGC	-0.6775778553607403	Non-neuron
AAAGGGCAGATCTAAG	0.0349628757981256	-0.1355417365569711	OGC	-0.8983974281127125	Non-neuron
AAAGGGCCACCCATCT	0.0531536940568578	0.0575760033044548	OPC	-0.7190326615460932	Non-neuron
AAAGGGCGTATCACAC	0.0882062121084631	0.2341993863466248	OGC	-0.7621369309767849	Non-neuron
AAATGAGCAAATAGTG	-0.0144558680158894	-0.1760730237630985	ASC	-0.7619479030297812	Non-neuron
AAATGAGCAGGTCCTG	-0.0299910142297136	0.0602319906158807	ASC	-0.616558427128148	Non-neuron
AAATGAGTCTGACTTT	0.2482858812816494	0.0123750429200168	OGC	-0.6237014329771703	Non-neuron
AAATGCCAGGTCCTCG	0.1347448010308894	-0.0898586826336757	OPC	-0.7268885852803312	Non-neuron
AAATGCCAGTACGCGA	-0.1807644701990459	-0.3825159299638936	OGC	-0.7720108545613376	Non-neuron
AAATGCCGTTAAGGGC	0.1281936739524929	0.06289182128741	OPC	-0.6639436525773985	Non-neuron
AACAAAGGTAGACGCA	0.1157431508160224	0.1300091033863501	OPC	-0.6926846638133838	Non-neuron
AACAAAGGTCATCAAC	0.1533295566730482	0.0670304686894725	OPC	-0.6290144285757154	Non-neuron
AACAAAGGTCTGATTG	0.0157951619919018	0.0036619623338751	OGC	-0.678562387108232	Non-neuron
AACAAAGGTTATAGAG	0.0667086907585991	0.1951842696631756	OPC	-0.6432268999189328	Non-neuron
AACAAAGTCGATCTTT	0.1493791122389221	0.0372872535585264	OPC	-0.653657884402701	Non-neuron
AACAGTCAGCATTCCA	-0.1333993168164271	0.0097439028084658	OGC	-0.6552589915668176	Non-neuron
AACAGTCGTATGGGTG	0.193531788905625	0.0183420260397637	ASC	-0.6568983704356989	Non-neuron
AACAGTCGTGAAACAT	0.1878441391710067	0.0513976484894086	OPC	-0.6879346336109358	Non-neuron
AACATCGAGCTGCTCG	0.1370095633643804	0.2525914692092505	OGC	-0.7794469213342379	Non-neuron
AACATCGAGGTCTTTG	-0.0339652261265451	-0.1150157543223219	ASC	-0.7758391230349397	Non-neuron
AACATCGAGTCCGGAA	0.1140768673433576	-0.1497579346440627	OGC	-0.6929896593015744	Non-neuron
AACCAACAGTGTCGCC	-0.08351897127532	0.091885985436236	ASC	-0.7046331610215142	Non-neuron
AACCAACTCATTCTTG	-0.3665103504664167	-0.1200796342929356	ASC	-0.6372127441759013	Non-neuron
AACCGATAGTTGGAAT	-0.4773126118414487	-0.2829819058361091	ASC	-0.962638988607835	Non-neuron
AACCGATCAAGACTTC	-0.0374578408094625	-0.0503672910028214	ASC	-0.6875215776462935	Non-neuron
AACCGATGTCAACAGG	0.1288157325868991	0.0073474613411536	OGC	-0.6932269035991826	Non-neuron
AACCTGAAGACTTGAA	0.2411499239132665	-0.0949403931912965	OPC	-0.7010060673335854	Non-neuron
AACCTGAAGGCGCTTC	0.1741623518296492	-0.1593658346614463	ASC	-0.6888790208592774	Non-neuron
AACCTTTAGAAATCTG	0.0275970765810765	-0.0096594265043481	ASC	-0.7975178654399964	Non-neuron
AACCTTTCATGTAGAA	0.0081678496828259	0.1187585405827926	ASC	-0.7647437916821545	Non-neuron
AACGAGGAGTAATGTG	-0.1472506766711245	0.9451165861079706	OPC	-0.7980132164002152	Non-neuron
AACGGGACACTCGGAC	0.181548649318384	0.1198126081451296	OPC	-0.6000082579208149	Non-neuron
AACGGGATCTGATCCC	0.1012138661190234	-0.0570524564317553	OGC	-0.6314325807666221	Non-neuron
AACGTACAGATCGATA	0.1863127011722206	0.0058691360655501	OPC	-0.6936208811636758	Non-neuron
AACGTACAGTCAGGAC	0.0727558571263875	0.2214255025018767	ASC	-0.7355205942909475	Non-neuron
AACTGGTGTCTCTAAG	0.0435629708938145	-0.0242571514707535	OGC	-0.6744732875052243	Non-neuron
AACTGGTGTTGCCGCA	-0.077969068635258	-0.0569114834639392	ASC	-0.7040424300947564	Non-neuron
AACTGTGTCGATGTGT	-0.2415384703842199	0.2932164691167901	ASC	-0.6470062593703269	Non-neuron
AACTTGGAGAAAGGGT	0.2562225091067774	0.0703152533160935	OGC	-0.6318100397847437	Non-neuron
AAGATAGAGATCACCT	0.2755730503621166	0.0230977912909375	OPC	-0.6280513252409269	Non-neuron
AAGGAGCGTACTATGC	0.1501936432247174	-0.1113438321479956	OGC	-0.6971821748788866	Non-neuron
AAGGTTCGTGGACCAA	-0.1619901801826894	0.008042519473016	OGC	-0.7481722210284409	Non-neuron
AAGGTTCTCGATTACG	0.0820759242523092	-0.1209892441691605	OGC	-0.6625387825859946	Non-neuron
AATGGAAGTTACGGAG	-0.0940544643679493	0.0918393760012751	OGC	-0.6010849946719015	Non-neuron
AATGGCTTCTACTTTG	0.1461812036700927	0.0634844289293148	OPC	-0.6799882170642217	Non-neuron
AATGTCGGTCCAACCG	0.0992324881933024	0.1768512708166088	OPC	-0.7183508029963985	Non-neuron
ACAAACCGTACAAATG	0.2082787342501353	-0.1418166758466217	OPC	-0.6268653810977318	Non-neuron
ACAAACCGTATCACAC	-0.104625045436917	-0.0622259311866479	OGC	-0.8187959385557498	Non-neuron
ACAAGCTCAAATAGTG	0.1519149396969529	0.1029809158317296	OPC	-0.6006736117322913	Non-neuron
ACAATCGAGGAGACTC	-0.0021218345571839	-0.2114925141095228	OGC	-0.6232768780614887	Non-neuron
ACAGAAAGTATGGGTG	-0.0472292907879523	0.0620771472724812	OGC	-0.5947587034607033	Non-neuron
ACAGAAAGTCCTTCAC	-0.1028600687164052	0.0885861097667251	ASC	-0.7281619473831505	Non-neuron
ACAGACTGTTCGGGAA	0.0565646493889257	-0.0295296227772074	ASC	-0.6288763972085922	Non-neuron
ACATGCAGTGCGCTCA	-0.0329381809826436	0.0379115212475443	OGC	-0.6647527127875851	Non-neuron
ACATGCAGTTGGCTTA	0.0434900931765926	0.0519521100139249	OGC	-0.7162781557054502	Non-neuron
ACCAAACAGAGATTAC	0.201797094148561	0.0404473915738698	OPC	-0.6255077592901446	Non-neuron
ACCAAACCAGGCACAA	0.0828560392510674	0.2045942787931579	OPC	-0.7373658957140601	Non-neuron
ACCATCCAGATGGCAC	-0.0842380205193506	0.1600379950589124	ASC	-0.7182292431152771	Non-neuron
ACCCAAAAGGCAAGGG	0.0095090686431913	-0.1751447967123068	ASC	-0.6705137991137151	Non-neuron
ACCCAAAGTAACGTAA	-0.0490042642579643	-0.0982164504669165	OGC	-0.7033884531998328	Non-neuron
ACCCAAATCACCCTTG	-0.3071952576779893	-0.1159621615006242	OGC	-0.7314638480066507	Non-neuron
ACCGAATCACCGAATT	0.1474281030929171	-0.0249305642678538	OGC	-0.703619797062784	Non-neuron
ACCGGGTCATTAGCCA	0.0585720967205439	0.1008503918624285	OPC	-0.711535882738437	Non-neuron
ACCTGCTCAACAAACA	0.1118702937576613	0.1126114216144085	OPC	-0.6580616447510895	Non-neuron
ACGGATTCAAGTTGCT	0.0868004485798634	-0.1378340216297697	OPC	-0.6710660760570978	Non-neuron
ACGGATTGTGATAAGT	0.1909911629563637	0.0630775340724151	OGC	-0.7185285241650577	Non-neuron
ACGTGGCGTAAGGTCG	-0.0823780936141142	-0.0133550429793915	ASC	-0.6868984817071357	Non-neuron
ACGTTAGAGATCTAAG	-0.0553670994175808	0.3342089787156818	OGC	-0.7513404717669168	Non-neuron
ACGTTAGGTCTAAGAA	0.1508955070296369	0.1353437200063138	OPC	-0.5411202583806656	Non-neuron
ACGTTAGTCAAAGTAG	0.2542458867129101	-0.0312632323124386	OPC	-0.5993426728150923	Non-neuron
ACTAACGAGTCTCTAG	0.1955883451721119	0.1403222312275449	ASC	-0.812583814671175	Non-neuron
ACTAACGTCGCACCTT	-0.1368611077032963	0.1791099160998296	OPC	-0.7368759260042124	Non-neuron
ACTACCCCACAAACGG	-0.5957297593320533	-0.0164203080862781	OGC	-0.959707209148587	Non-neuron
ACTACCCCAGGCATCC	0.0392074163052966	-0.4130080199616136	OGC	-0.706366740140162	Non-neuron
ACTACCCGTTTGCATG	0.1726800239839827	0.0291258074839502	OPC	-0.6121060228483526	Non-neuron
ACTACGACACCACCAG	0.2029893466041913	-0.0504867867464184	ASC	-0.6411643999835266	Non-neuron
ACTACGATCAAACCCA	0.0059779439155346	-0.0248742761180826	OGC	-0.6897583295157833	Non-neuron
ACTAGGTCACCACCAG	-0.2935411775901975	-0.1887967120077653	ASC	-0.7396482608603062	Non-neuron
ACTATTCCACGCGACT	0.081056242042463	0.1077516875268942	ASC	-0.7084843223593694	Non-neuron
ACTATTCTCCTATCCG	0.2344242688447639	-0.0882741550707369	OGC	-0.6781448595092854	Non-neuron
ACTATTCTCTGAAAGA	0.2767688676548375	-0.0079214915140795	ASC	-0.7590411177623276	Non-neuron
ACTCGGGAGGCCAGTA	-0.0073229480070639	-0.0401222174877109	OGC	-0.5827139936840198	Non-neuron
ACTCGGGAGGGTAATT	-0.0050418312014559	-0.0792369508369377	OGC	-0.6810866757089388	Non-neuron
ACTCGGGGTAGACACG	0.0348430966657908	0.0421979493648223	OGC	-0.6755959899849975	Non-neuron
ACTCGGGGTCCCTAAA	0.1644604460551873	-0.2292850589121784	OGC	-0.6965608918090964	Non-neuron
ACTGCAAGTCTAAGAA	0.1084208698417197	0.0974346346916932	OPC	-0.6740732075995797	Non-neuron
ACTGTCCGTAAACGGC	-0.2949557581595434	-0.2736176984058202	OGC	-0.8169773059581233	Non-neuron
ACTGTCCGTCAACTGT	0.0942663017505518	-0.0457118248635748	ASC	-0.7204748479101555	Non-neuron
ACTGTCCGTGGCGCTT	-0.0549919689721223	-0.1594234230701272	OGC	-0.6596312816444316	Non-neuron
ACTGTCCGTTCACGTA	0.0820618418282818	-0.1512944975823727	OGC	-0.7590966850864718	Non-neuron
ACTGTCCGTTGTGACT	-0.1721576666246719	-0.0359139034574021	OGC	-0.600228517828676	Non-neuron
ACTGTCCTCTCTTAAC	0.1611531149433691	-0.1540406951073066	OPC	-0.6570882153930425	Non-neuron
ACTTCCGGTCATTGGT	0.1206681412136451	-0.0260469963429	OGC	-0.6583882356726486	Non-neuron
ACTTCCGGTCTGGGCT	0.23273411582746	0.070525616407998	OPC	-0.8102449081052376	Non-neuron
ACTTCCGGTGATAGAT	-0.4282105169488407	-0.0633144109537663	OGC	-0.7244318410073698	Non-neuron
ACTTCCGTCTATATCC	0.2396786975665662	0.0400067825684793	OPC	-0.7598992423567971	Non-neuron
ACTTTCACAAATTGAG	0.0187402972231148	0.1466455981390716	OGC	-0.6625409451072969	Non-neuron
ACTTTCATCATTCTTG	0.2088457493068178	-0.0161781972675322	OGC	-0.5809762651589431	Non-neuron
AGATAGAAGCAAGGTC	-0.0603860910796562	0.1340716020324806	OPC	-0.7142848953695383	Non-neuron
AGATAGAAGCTCGTTA	0.1879533180379128	0.1017801688780109	OPC	-0.6484188975217849	Non-neuron
AGATTCGCAAGTAACA	-0.0207007986826569	-0.1658859386044081	OGC	-0.6848308076891074	Non-neuron
AGATTCGGTCGTAGTT	0.2278201274025448	0.0059272358151498	OPC	-0.6886829705412418	Non-neuron
AGATTCGGTGTCCCAG	0.039965411865654	-0.2763978733512329	OPC	-0.8486012008947771	Non-neuron
AGATTCGTCATTCGGA	0.1315848776013052	-0.1621641665626184	ASC	-0.6652039154550877	Non-neuron
AGATTCGTCCAAGAGG	0.2742812622344652	0.0570820591609998	OPC	-0.6327975737513251	Non-neuron
AGCCAGCCAAAGCATA	0.1807877674285682	-0.1563387761707347	OPC	-0.7764932538247117	Non-neuron
AGCCAGCGTCCGTCGA	0.2671689873554673	-0.0114489622410018	OPC	-0.6728602902423593	Non-neuron
AGCCCGACATCCGTAA	-0.1472506772705955	0.9451165860134594	ASC	-0.6153929145352094	Non-neuron
AGCCCGAGTGGACAGT	0.1958748138090255	-0.1339395568109926	OPC	-0.7564408031627242	Non-neuron
AGCCGCAAGTGTCGGA	0.0036222018356762	-0.3307832175419899	OGC	-0.6149274712697295	Non-neuron
AGCCGCACACCCTTTG	-0.0706404083671906	0.0928289690798681	OGC	-0.6255956635039079	Non-neuron
AGCCGCAGTGGAGTGT	0.0448284482759758	-0.098150183056621	OGC	-0.8049432283110858	Non-neuron
AGCCGCATCCTCCCAA	0.1123386183630829	-0.0445579952329376	OGC	-0.8369168565321415	Non-neuron
AGCCTCTAGGTTCGTT	-0.0952588289587001	-0.1106575474675815	OGC	-0.7008866123589306	Non-neuron
AGCCTGGAGACACTTC	0.0879469181329978	0.1921309674245682	OPC	-0.6880747775176945	Non-neuron
AGCCTGGCACCACAGC	-0.1720253603138855	-0.0834494964725121	OGC	-0.8314990786218984	Non-neuron
AGCCTGGCACGCGTTG	-0.1248746181431188	-0.0760283505403285	ASC	-0.8218400826317296	Non-neuron
AGCCTGGGTAAAGCTA	-0.0014105812921527	-0.1734977146147378	OGC	-0.7611981916745733	Non-neuron
AGCGATTAGATTCCGT	-0.023079874154936	-0.1464708640016273	OGC	-0.7260875721761472	Non-neuron
AGCGATTGTGCTTCCT	0.0317650497168574	-0.1979856790043968	OPC	-0.7704658616196497	Non-neuron
AGCGTATAGTAGACCG	0.0954041433833903	0.1465388919088611	ASC	-0.7289562745228174	Non-neuron
AGCGTATCATGGCCCA	-0.0872805960610855	-0.1770722547358654	OPC	-0.7207681728727807	Non-neuron
AGCGTATGTATCGCGC	0.051551868420097	0.1408607249669665	OPC	-0.704619810587433	Non-neuron
AGCGTATTCGGTTGTA	0.0489647786959394	-0.0916059530584126	OPC	-0.6615296625484058	Non-neuron
AGCGTGCAGGCAATTA	0.1171060791211091	0.2074178727032613	OPC	-0.5796098574269064	Non-neuron
AGCGTGCCACGTTGTA	0.1709253125150138	-0.0049165598582504	OGC	-0.5866841744872862	Non-neuron
AGCGTGCCACTAAACC	-0.5754560425911367	0.1074672411568654	OPC	-0.7469053078584305	Non-neuron
AGCGTGCGTTGGTAAA	0.0919138755601812	-0.2242439688746052	OGC	-0.623832276598866	Non-neuron
AGCTATGCAAAGCTGG	-0.0329836663751126	0.0131806751929853	OGC	-0.5775908010550029	Non-neuron
AGCTATGCATCGCCTT	0.1161726608953312	0.2277449801679993	OGC	-0.7689927656647648	Non-neuron
AGCTATGTCAGGGTTT	-0.0476692566848875	-0.1899504798713839	OGC	-0.7645750381404302	Non-neuron
AGCTGATAGGCTCAGA	0.1741900467431031	0.1485112427827565	OPC	-0.6655539006648845	Non-neuron
AGCTGGCAGGTACATA	0.2214556429012717	0.0012841529465628	OGC	-0.649031497003595	Non-neuron
AGCTGGCGTAATGCCT	-0.0289454575813008	0.0083462457354777	OPC	-0.6975119020995156	Non-neuron
AGCTGTACATACCCGG	0.2365383781435891	0.0890353086657137	OGC	-0.7196860945254739	Non-neuron
AGCTGTACATGCTATG	-0.0020398463011226	-0.1107887606762836	OPC	-0.7343886125715555	Non-neuron
AGCTGTATCGGGATCC	-0.0203407231772713	0.1948770606496832	OGC	-0.646610748985728	Non-neuron
AGGACGACAGGCACAA	0.144099715715288	0.0842820524249917	OPC	-0.6434694400845734	Non-neuron
AGGCCCAAGGGCTCTC	0.2198456912465528	0.1301654294015769	OPC	-0.7515499685145429	Non-neuron
AGGCCCATCTACATCT	0.1279586512073229	-0.1849660496102168	OPC	-0.7088235127377603	Non-neuron
AGGCCTGAGGCACCTC	0.2055510449399913	-0.0242528385815266	OPC	-0.6434242127288715	Non-neuron
AGGCCTGCAGTAACGG	-0.1333101224701448	0.1041954848016779	OGC	-0.6864380215266265	Non-neuron
AGGCCTGTCTATCTAC	0.2460445748365562	0.0737875054827339	ASC	-0.6109006060424789	Non-neuron
AGGCGAAAGAGGCCTA	0.2569729697176711	-0.1087663408334323	ASC	-0.6571163598479762	Non-neuron
AGGCGAACAAAGGTCG	-0.4358279686664518	0.0149958634366978	OGC	-0.6946281115274373	Non-neuron
AGGCGAAGTACTATGC	0.1348864092227335	0.068522175588614	OPC	-0.8068800378991189	Non-neuron
AGTCAACAGCTGAGGT	0.0773521976070338	0.1869034602339498	ASC	-0.6379195115538	Non-neuron
AGTCAACAGTCAGCCC	0.183782918058806	-0.0667825267948992	ASC	-0.7109600025139808	Non-neuron
AGTCCGGGTTAGCTCA	0.2546383069016532	0.0182402503681918	OPC	-0.6499496562443092	Non-neuron
AGTGCGCAGCGTTGCC	0.0227084260984552	0.0243569858135905	ASC	-0.7142281451122595	Non-neuron
AGTGCGCAGTCTGGGA	0.1566229057298747	0.0212102771714439	OPC	-0.5888820662102657	Non-neuron
AGTGCGCCAACGGGTA	0.1354828070748161	0.144316434131297	OPC	-0.6708520910527528	Non-neuron
AGTGCGCGTATCATGC	0.0744106587623167	0.0627006402712787	OPC	-0.6838207919690176	Non-neuron
AGTGCGCGTCAACGGA	0.0098542942640629	0.1670151641370597	ASC	-0.7061248701067635	Non-neuron
AGTGTACCAATGCATC	0.0282708950723539	-0.0388388446325805	OGC	-0.6716062194827377	Non-neuron
AGTTACGAGCTAACAA	-0.0626099245456674	-0.2036789927012006	OGC	-0.8445877659655943	Non-neuron
ATAGGCTAGACAGCTG	0.1203299468174903	0.0834986398272868	OPC	-0.6306167246602251	Non-neuron
ATAGGCTGTGAGTCGA	0.086166355788155	-0.1065335538283885	OGC	-0.6486664698808542	Non-neuron
ATAGGCTTCGGGACAA	-0.0418048437755065	-0.1529360039648807	OGC	-0.7726854112926076	Non-neuron
ATAGGCTTCTGTTGCC	0.0578036076450037	0.180289240974513	OGC	-0.7129883245063257	Non-neuron
ATAGTCGAGAACAGGA	0.1667029971735793	-0.1750228028540812	ASC	-0.7260285727863459	Non-neuron
ATAGTCGCAGCTGATT	-0.0543296366494576	-0.0184069068320226	OGC	-0.6061782535791191	Non-neuron
ATAGTCGGTGCAAAGC	0.0454595202195995	0.1099073820038249	OPC	-0.7549088399093832	Non-neuron
ATAGTCGTCACCGCGA	0.1429710751431009	-0.1778388540391247	OGC	-0.6805015179310447	Non-neuron
ATATTCCAGCTGAATA	0.1742992365040996	-0.0756157057055748	OGC	-0.7010076633446133	Non-neuron
ATATTCCTCTTCTCTC	0.1657131490078015	-0.0688595023013959	OGC	-0.7621054538156097	Non-neuron
ATCCAGAAGGATGTAT	0.0067940430355326	0.0360715179155799	OPC	-0.6669758293947973	Non-neuron
ATCCAGAGTCAATCCA	0.0099767796096307	-0.1565077808283466	OGC	-0.7099407789812375	Non-neuron
ATCCAGAGTGGTTCTA	-0.5702319952881728	0.3038478334434714	ASC	-0.5593244275370953	Non-neuron
ATCCAGATCGCTAGTA	-0.1852234386622753	-0.2497598718768195	OGC	-0.7575673881348569	Non-neuron
ATCCCTGTCCATTGTT	0.2320738837512657	-0.0219865508049269	OPC	-0.7040795962723825	Non-neuron
ATCCTCGAGCTGAGGT	-0.2930246096893824	-0.6117513031543994	ASC	-0.752017783479926	Non-neuron
ATCCTCGGTTATAGAG	0.1357049379071709	-0.0948601304857364	OPC	-0.6914283866292728	Non-neuron
ATCCTGCCAATTGGCT	0.040801461797935	-0.1480454520238045	OPC	-0.7152123527892293	Non-neuron
ATCCTGCGTCGAGGAT	0.0457037979852681	0.0205239138079991	OPC	-0.7019945203390086	Non-neuron
ATCCTGCTCAGCCGGT	-0.215691392390109	-0.1513804360504767	OPC	-0.8228199866099207	Non-neuron
ATCGAGTCAATTAGGA	0.0542149905980277	-0.1890619385984825	OGC	-0.667128349080071	Non-neuron
ATCGAGTCATCCGTAA	0.1123952788200013	0.0597166932456959	ASC	-0.7082656201780712	Non-neuron
ATGCATGTCGATAGCT	0.125453947597358	-0.0594181818367226	OGC	-0.7046746478053425	Non-neuron
ATGGATCGTAGCGAGT	0.1514661662722614	0.0943513303854195	OPC	-0.6546484226891819	Non-neuron
ATGTACGAGCTCCATA	0.2258752638340377	-0.0661897894475271	ASC	-0.704377839257397	Non-neuron
ATGTACGCAATGTGCT	-0.1633640359346467	0.1406446110619261	OGC	-0.7565593584855373	Non-neuron
ATGTACGGTTTCTCTA	0.0977259945927914	-0.0281504554808867	ASC	-0.6266118630097287	Non-neuron
ATGTCGAAGAGCCTGA	-0.2793786742327572	-0.2886333341322559	OGC	-0.7459108961786697	Non-neuron
ATGTCTTAGCAGGAGG	0.0409143007552405	-0.1121749363290569	OGC	-0.6279978189551852	Non-neuron
ATGTCTTGTTAACTCG	0.2517583595127526	-0.0632795764491097	OGC	-0.7197734299571431	Non-neuron
ATGTCTTTCAAGGCCC	0.2163041926818998	-0.0370303166484231	OGC	-0.6500182754904549	Non-neuron
ATGTCTTTCGCTAGTA	0.1488105839297242	0.0458707236079087	ASC	-0.7728756719878681	Non-neuron
ATGTTTCAGCGCACAA	0.2814203736946362	-0.0217753865814886	OPC	-0.665438220034557	Non-neuron
ATGTTTCGTCGACTGC	0.0853994323912684	0.1557821327325476	OPC	-0.7022073991692076	Non-neuron
ATGTTTCTCCGCGATG	-0.0430163362430779	-0.0799890793423714	OGC	-0.7536745565067225	Non-neuron
ATTACCTAGAAACGCC	0.2580596856429075	-0.0458022646787183	OPC	-0.677140493976528	Non-neuron
ATTACCTAGAGAAGCA	-0.2212686617500624	-0.1070857511244787	OGC	-0.7096466377429527	Non-neuron
ATTACCTTCGAACACT	0.2355321523573089	-0.0854973160391483	OPC	-0.6556899849740957	Non-neuron
ATTACCTTCTCGCGGA	0.0873086482133485	-0.0629622346407692	OPC	-0.7081085961379089	Non-neuron
ATTACTCAGAGGTACC	0.2252431428372031	0.0972569711597202	OPC	-0.6375096107551655	Non-neuron
ATTCGTTCAACGTCCG	0.24695073388518	-0.1163128635777766	OPC	-0.6594590068368693	Non-neuron
ATTCGTTCACAGCCAC	-0.0050622153998336	-0.0166964268824404	OGC	-0.5935161635824497	Non-neuron
ATTGTCTGTTGAATAG	-0.1967956696321829	-0.0654040817146548	OGC	-0.778007802053278	Non-neuron
ATTGTGGGTGGACTGA	-0.3255613039974532	0.1648867864684473	OGC	-0.5963371844560422	Non-neuron
ATTTGTCGTCATAGCT	-0.1699033091586454	0.0113876638942045	OGC	-0.7638536262196525	Non-neuron
ATTTGTCGTGAGCTAG	-0.473487449708368	-0.3163991290201512	OGC	-0.7495326448189691	Non-neuron
ATTTGTCTCGGTCCGA	0.1817896895936324	0.0847306067804577	OGC	-0.6661551252597905	Non-neuron
CAAAGCTCATCGCTAA	-0.102564934170426	0.1138372202281547	OGC	-0.8026097117505994	Non-neuron
CAAAGCTGTAAGCCTT	0.07128064582891	0.1054561494733897	OGC	-0.6313802234051126	Non-neuron
CAACCAACAAGCAATA	0.012232886016595	-0.2461241385052207	OPC	-0.648224866414299	Non-neuron
CAACCAAGTCTAAGAA	0.1668127302154947	-0.1142712476947453	OGC	-0.5773421736849987	Non-neuron
CAACGGCCACATTGCA	-0.0176463380383287	0.0158658151719389	OGC	-0.6690528147483953	Non-neuron
CAACGGCCACTCGGAC	-0.2178005149087642	-0.1676176136893015	OGC	-0.8827119008392618	Non-neuron
CAACGGCGTGATAACA	0.0381894375360835	0.1066223557531308	OPC	-0.7283879229149621	Non-neuron
CAACGTAGTAAAGGCC	0.0497254374061274	-0.0776466536384554	OGC	-0.664878680871682	Non-neuron
CAACGTAGTAGGTAAT	-0.0118283120796387	-0.1424286799241533	OGC	-0.741650024498263	Non-neuron
CAACGTATCCACTAGA	0.2489559817315298	-0.0931518916888357	OPC	-0.720477584112452	Non-neuron
CAAGAAATCAGAACGG	0.0350678908474061	-0.1112318571241078	OGC	-0.6812719650903163	Non-neuron
CAAGAAATCCCACTTG	-0.0619140442552573	-0.0142798502338016	OGC	-0.5888964920869942	Non-neuron
CAAGCTAGTTGGCTAT	-0.0435034976113097	0.0717418019524969	OPC	-0.689594358017874	Non-neuron
CAAGCTATCCGCTATC	0.1319866288407979	0.1591197923691056	OPC	-0.7215156249627449	Non-neuron
CAAGGCCCATGGTATC	0.1261330340329848	-0.1442280957999473	ASC	-0.6919741572037227	Non-neuron
CAAGGCCGTCAGCAAG	0.0519370933042811	-0.0489555918011134	ASC	-0.6880386358566282	Non-neuron
CAATCCCCACCAAGGA	0.1619079334842598	-0.0955558008746289	ASC	-0.6347899231699874	Non-neuron
CAATCCCGTGTCTCGG	0.0989675921123762	0.0717571333169009	OPC	-0.5276750848749606	Non-neuron
CAATCCCGTTCAGAAA	-0.2443993603290976	0.0303731081251961	ASC	-0.92878994869902	Non-neuron
CACAACAAGATTACGA	0.1562631555425933	0.1343361217780172	OPC	-0.7576375093952104	Non-neuron
CACAACAAGGTTGTGG	0.0621364752824552	-0.0535411994949456	OGC	-0.7066876755776871	Non-neuron
CACAACATCCCAATGA	0.0953524007494404	0.1162997545980944	OPC	-0.7713705762000072	Non-neuron
CACAGATAGTAGAAGG	-0.0033201305379906	-0.2629626945539626	OGC	-0.7191745135677965	Non-neuron
CACAGATCAGTAGTCT	0.0115991777294844	0.1319368808763684	OPC	-0.7303021989146764	Non-neuron
CACAGATGTATTGTCG	0.1652939106214718	0.1652227711597693	OPC	-0.7293445010759303	Non-neuron
CACAGATGTGTCCAGC	0.0216807370273224	0.051571636190041	OPC	-0.7534253586655401	Non-neuron
CACAGATTCTTCCACG	0.1079644426332006	0.1618879252812904	OPC	-0.6385423221623974	Non-neuron
CACATGAAGACGCCAA	-0.1348991249828295	0.3585814145671817	OGC	-0.7444668711842742	Non-neuron
CACATGATCTTTCGAT	0.0742743586572904	0.0861196919824075	OGC	-0.7857878849558886	Non-neuron
CACCACTCAATTGCCA	0.0088889358124138	0.125374501382127	ASC	-0.7066549952837947	Non-neuron
CACCACTGTGCCCAGT	-0.0253633307957673	0.1093860242407916	OPC	-0.6994190412659672	Non-neuron
CACCTGTCAAGACACG	0.1902309807751303	-0.1539425751319418	OGC	-0.7648763322572415	Non-neuron
CACCTGTGTTGCCGCA	0.1235349255254923	0.0107564393477462	OPC	-0.7267611628522149	Non-neuron
CACCTGTTCAGCACTA	0.1505024466403492	0.0732046188495299	OGC	-0.7000005937048489	Non-neuron
CACCTGTTCGGTCTAA	-0.0119524844107174	0.1251985426723506	OGC	-0.8590823814621511	Non-neuron
CACGTTCAGAGATTAC	0.1160700613608412	-0.0028498939820745	OPC	-0.6460147986085839	Non-neuron
CACGTTCGTTCCTGTC	0.0869444956104374	-0.0115124883308048	OPC	-0.6928937413391427	Non-neuron
CACGTTCTCCCTACCA	0.1125836915165855	-0.1616733934309795	OPC	-0.7953976101073792	Non-neuron
CACGTTCTCGCGTGAC	0.0375645137109284	-0.0575296051761261	OPC	-0.7572473372101419	Non-neuron
CACGTTCTCGTGGCGT	0.0914738520417316	0.0386675857701087	OPC	-0.6932358337095809	Non-neuron
CACTAAGAGACACTTC	0.0032321530050501	0.1295476004732589	OGC	-0.65144694389974	Non-neuron
CACTAAGAGCATACCT	-0.5379489653018925	0.5495220375234195	ASC	-0.7154867143104862	Non-neuron
CACTAAGGTACGGTTT	0.0667534317415508	-0.2714908845683756	OGC	-0.7115136787035018	Non-neuron
CACTAAGGTACGTAGG	-0.0513141162676294	0.0987389399840184	ASC	-0.642197163140339	Non-neuron
CACTAAGTCGGGACAA	0.0226868127854595	0.1648141165103916	OPC	-0.7376272506844921	Non-neuron
CAGCTAAAGTCACACT	-0.0437514426588086	0.1418575647453463	OGC	-0.6729065289653825	Non-neuron
CAGCTAACAGTATCTG	0.1264286331171522	0.2716948746081926	OGC	-0.8783294332928758	Non-neuron
CAGCTAAGTTCTGATG	-0.0571788576098151	-0.1365425482560182	OGC	-0.7126002678051115	Non-neuron
CAGCTGGAGTACAGAT	0.0708749811402863	-0.1444946505206266	OGC	-0.6595202551338897	Non-neuron
CAGCTGGCAGTTCGGC	-0.2985046660167279	-0.0223848585047808	OGC	-0.7012600662708751	Non-neuron
CAGGATTTCGCAAGCC	0.181222903849434	-0.0209122199638806	ASC	-0.7071400442679323	Non-neuron
CAGGGCTCATAGGCGA	0.2173246669362988	0.016291232236575	OPC	-0.7197446001197091	Non-neuron
CAGGGCTTCCATGACA	0.0494767798746095	0.0335613911347239	ASC	-0.6903359772901745	Non-neuron
CAGTATGAGTAGTTCC	0.2066981511352841	0.0468699832999303	OPC	-0.6642289280728428	Non-neuron
CAGTATGCACAAGTGG	0.0657802192478993	0.2018418514047628	OPC	-0.7230379263720069	Non-neuron
CAGTATGGTGTCGTGC	0.2217538208064959	-0.1486071142038315	OGC	-0.66781442476758	Non-neuron
CAGTATGTCTTCCGTG	0.1030191565302607	-0.1731594950689303	OGC	-0.5662674163149258	Non-neuron
CAGTGCGAGATGCGAC	0.2752046006660169	-0.0679710304260293	OPC	-0.6289450214614354	Non-neuron
CAGTGCGTCTGTAGAC	-0.0995327463796166	0.1717794521517401	OPC	-0.7209940427433361	Non-neuron
CAGTGTAGTCGAGGAT	0.0973851643377574	0.0222147988094513	OPC	-0.675049470160593	Non-neuron
CAGTGTAGTCTAAGAA	0.1235494558025927	0.0638021148983146	OGC	-0.7817145879572822	Non-neuron
CAGTGTATCTATCCTA	-0.0181400404039888	-0.308870638347157	ASC	-0.7858863579143104	Non-neuron
CATAACGAGTGATAAC	0.1967056332254029	-0.0988008661931318	OPC	-0.723017881278512	Non-neuron
CATAACGCATTCGTCC	0.1179559278907669	-0.1005381354135518	OGC	-0.613467576631441	Non-neuron
CATGCCTCAATACTGC	0.1181389297574386	0.0993421545128124	OGC	-0.6163462413323383	Non-neuron
CATGCCTCACATTCTT	0.0968587394232204	-0.121406253791887	OGC	-0.689215645022167	Non-neuron
CATGCCTGTTTAGACC	0.0214047219449072	0.2211482510402999	OPC	-0.6227478129782695	Non-neuron
CATGTTTCAAGCAGGT	0.2243983594897546	0.0289596574277935	OPC	-0.7127141138350443	Non-neuron
CATTCATTCGGAGTTT	-0.0802700619968599	0.0600630715693658	OPC	-0.7328471589265901	Non-neuron
CATTCCGGTGATAACA	0.1763557654646393	0.0209246627689273	OGC	-0.6860738704814925	Non-neuron
CATTCCGGTGCTGTGC	0.219713410530172	0.0337693953905601	OPC	-0.6501149127721257	Non-neuron
CCAATGAAGGGAGTTC	0.2658463291764971	-0.0965590219475166	OGC	-0.6670904216933631	Non-neuron
CCACAGGCAAGGCGTA	0.170913445806937	0.1070143246018297	OPC	-0.6188704595886081	Non-neuron
CCACAGGCACCATTCC	0.0399386980867295	0.1298752856788232	OPC	-0.6248938425618915	Non-neuron
CCACAGGCACGCGCAT	-0.0482619179287441	0.1098651221696113	OGC	-0.5693799781429956	Non-neuron
CCACAGGGTCAGAAGC	0.1291803736846208	-0.1255062609695945	OGC	-0.6495520733466748	Non-neuron
CCACAGGGTTGCAGCC	0.1304271997866468	0.128124676365928	OGC	-0.6466411653291108	Non-neuron
CCAGAATGTGTGCTTA	0.1404941663236718	-0.1545699149783005	OPC	-0.6561190965943415	Non-neuron
CCCACATCATGGATGG	-0.2039754548401764	0.0787941157862051	OGC	-0.7069023906357013	Non-neuron
CCCACATCATTGTTCT	0.0761634211214193	0.0110198163591852	OPC	-0.6344842444023603	Non-neuron
CCCAGAGGTATCCTTT	-0.3264936509330208	0.2503443551042173	OGC	-0.7389171308347763	Non-neuron
CCCTAGTAGAGCGAAA	-0.3280122235565419	-0.0712837868534973	OGC	-0.8267206428918235	Non-neuron
CCCTAGTGTACGGTTT	-0.3604017439745894	0.2712777201671593	ASC	-0.7165594321786972	Non-neuron
CCCTCTCCAAAGAGAG	-0.3539939524039425	-0.3419898202240204	OPC	-0.891368205575036	Non-neuron
CCCTCTCCACCGAATT	0.0675477685018598	0.0368417132471199	OPC	-0.709071980682002	Non-neuron
CCGAAGCAGCCATGGA	-0.242999661716406	-0.0596272605578406	OGC	-0.938241138108638	Non-neuron
CCGAAGCAGTGGTGTG	0.1115972058351423	0.077080418393084	ASC	-0.5944009403070635	Non-neuron
CCGTAGGTCATACTTC	-0.1632984408791534	-0.1440049436735914	ASC	-0.6536844563080383	Non-neuron
CCGTGAGAGCAACTGG	0.1124614019032421	-0.185621858678798	OPC	-0.6959081981681707	Non-neuron
CCGTGAGGTCATGAGG	-0.0265420258565402	0.0001825359271387	OGC	-0.8353778863583886	Non-neuron
CCTAAAGAGTGTTCCA	0.0273060854954189	0.0658835933039865	OPC	-0.6721655377176168	Non-neuron
CCTCCCTCATCGCTAA	0.1423513706891062	0.1624640051452006	OPC	-0.6435535047956044	Non-neuron
CCTGCTACAATGGCAG	0.0880919795940344	-0.1543644275218216	OPC	-0.6489873316012174	Non-neuron
CCTGGGATCATTCTCA	-0.2735606797753219	0.3208527273309131	ASC	-0.7896299576129633	Non-neuron
CGAGTTAAGGAGTCTG	0.1351994606032149	0.1113785338146379	OGC	-0.6915189503202319	Non-neuron
CGAGTTAGTAACGTAA	0.0743609751784004	-0.0585837716289463	OPC	-0.6329520197510956	Non-neuron
CGAGTTATCTTGTCAT	0.0190879225096063	0.0957905704356458	OPC	-0.57129471262625	Non-neuron
CGATGATAGGCGTAGT	-0.2859698652729294	0.1507763857376626	OGC	-0.7608790616889871	Non-neuron
CGATGATCACGCGACT	0.2065553918623236	-0.1792827303269219	ASC	-0.6333044844597019	Non-neuron
CGCACAGAGAGCTGTG	-0.1541753640204747	-0.2905665236338217	OGC	-0.7022020028245962	Non-neuron
CGCACAGAGATTAGAC	0.0678598249561354	0.0664845115332967	OPC	-0.7239556059237989	Non-neuron
CGCACAGAGTGTTCCA	0.2108375804153859	0.0161614852847997	OGC	-0.6258587874652369	Non-neuron
CGCACAGCAAACCCTA	-0.1738527022009001	0.0523452119038801	OGC	-0.6611395492166483	Non-neuron
CGCAGGTCATGCCTTC	0.1471810128914929	-0.167926984382369	OGC	-0.7711955861933739	Non-neuron
CGCAGGTTCGAGGTCC	-0.2519245013605765	-0.2819239840449595	OGC	-0.7584907893594163	Non-neuron
CGCGCAAAGGGACGTT	0.0733320679977175	-0.2391107855153011	ASC	-0.7893325416807327	Non-neuron
CGCGCAAGTGTTTCTT	0.1526937245043172	0.1735727410446869	OPC	-0.6793032552432537	Non-neuron
CGCTAGGAGAAATTCG	0.1576095067670881	-0.0245253311569245	OPC	-0.664748003770043	Non-neuron
CGCTAGGGTAAGTGCG	-0.0613351486528927	-0.0599511280671303	ASC	-0.7081873187345371	Non-neuron
CGCTAGGTCGTCTTAT	0.1276847083649889	0.0782493302774969	OPC	-0.7539083539105053	Non-neuron
CGCTATCAGGATCCTT	0.2050836544190436	0.1208352787106486	OPC	-0.715561640035903	Non-neuron
CGCTATCTCGGTTAGT	-0.2445371252402202	-0.0666038377203164	OGC	-0.7206171497041453	Non-neuron
CGCTATCTCTCATCCG	0.1427073567172302	-0.0431934105938487	OPC	-0.7693396583242822	Non-neuron
CGCTGGAAGACCTATC	-0.1557683053928092	-0.0495226924885727	OPC	-0.767942440834267	Non-neuron
CGCTGGAAGTGTCGCC	0.2449929864308228	0.0854860720444402	OGC	-0.6674860954152018	Non-neuron
CGCTGGAGTGCGCATC	-0.0977148435807555	0.0931557107251765	OGC	-0.7030831247359784	Non-neuron
CGCTGGAGTTTAAGGA	0.0518437281600619	0.1608927662627848	OPC	-0.7615791690506639	Non-neuron
CGCTGGAGTTTAGAAG	-0.1896327434186226	-0.1173440344586057	ASC	-0.7002206288877408	Non-neuron
CGGACCAAGTAGTGTA	-0.0116090346123603	0.062773454185387	OPC	-0.6871682184237325	Non-neuron
CGGACCATCAGTACAC	0.0268733556669112	0.0056421528269151	OPC	-0.6579264437197424	Non-neuron
CGGACCATCTGTGTGA	0.2276182548641685	-0.1023177770267381	OPC	-0.6684365961749349	Non-neuron
CGGACTGGTGTCGGTC	-0.0106702056629246	0.1057705685150321	ASC	-0.7265671004439622	Non-neuron
CGGTGCAAGCTGAATA	0.2563292147690088	-0.0026185307902963	OGC	-0.7804381601134147	Non-neuron
CGGTGCAGTGAGTTGG	-0.0829481703879621	0.0587450335340938	ASC	-0.7679965363362906	Non-neuron
CGGTGCATCTCGCGTT	-0.0701607209540189	0.0081597030040479	OPC	-0.6650978462221672	Non-neuron
CGTACAACAGGTAGCA	-0.0882259077478244	-0.0949115873059719	ASC	-0.7388261163198253	Non-neuron
CGTACAAGTGAGAGTC	-0.0726484771267606	-0.0018375632514304	OPC	-0.690549542260125	Non-neuron
CGTGGCAAGATGTTCC	0.028873276614041	0.1010270231369821	OPC	-0.6839475091400388	Non-neuron
CGTGGCAAGATTACGA	0.0032639781490722	0.0692361591464313	ASC	-0.7930495580943827	Non-neuron
CGTGGCACACACGGTC	0.1797872399854145	-0.1333280783606653	OPC	-0.790952132010983	Non-neuron
CGTGGCATCGATAGTC	0.0522342297501393	-0.1177743274295697	OPC	-0.6325499094986459	Non-neuron
CTAACTTAGTGTCACT	0.1123403840635256	-0.0263042908228759	ASC	-0.6076504385288011	Non-neuron
CTAACTTGTCGAGGAT	0.1712133507946153	-0.0230776536931475	ASC	-0.7778085102386136	Non-neuron
CTACAGACAGATTTGC	0.2243109428492314	-0.1320347986926212	ASC	-0.6530160381558948	Non-neuron
CTACAGACAGGTAGGT	0.2107026503717781	-0.1044755006628977	OGC	-0.6578026306655903	Non-neuron
CTACAGAGTACGGAGT	0.3081423122280978	-0.0253470285506683	OGC	-0.6108626785235758	Non-neuron
CTACAGAGTGGACGAT	-0.1760332866285446	-0.0801636294222675	ASC	-0.7337262613974482	Non-neuron
CTACTTACATGGCCTG	0.2504311025697073	-0.0704331711468062	OPC	-0.6569456003474744	Non-neuron
CTAGCGGAGGTCTTTG	0.0422259561767412	0.0258034727865142	OGC	-0.6339053804930076	Non-neuron
CTAGCGGGTACCGGCT	0.0792327435645403	-0.1829368657202597	ASC	-0.7884157171947993	Non-neuron
CTAGCGGTCCACGCTT	0.0731997778200384	0.072581239549834	ASC	-0.6847814161791616	Non-neuron
CTAGGATGTGCTTGAT	0.0855018455867483	-0.1642565375946408	OGC	-0.7208835516242929	Non-neuron
CTAGGATTCGACCCGA	0.0476551248969206	-0.1866533572986435	OGC	-0.6373656116076654	Non-neuron
CTAGGGCCATGCGACC	0.2424040788296872	0.045533045463218	OGC	-0.5803850425134303	Non-neuron
CTCAACCCAAGCCTTA	-0.0140020819261858	-0.0933089280478829	OGC	-0.6457073499791289	Non-neuron
CTCAACCCATGTGGGA	0.2022359310322192	0.1025060515742663	OPC	-0.7146096850065495	Non-neuron
CTCAACCCATTAGCCA	-0.0216082785817816	-0.0069480491143427	OGC	-0.5592163733513923	Non-neuron
CTCAACCGTCAACAGG	0.2529817204311764	-0.0582768855580919	OGC	-0.686678212249093	Non-neuron
CTCAACCGTCTCTGGG	0.0006394659480501	0.0491731657316646	OGC	-0.6582471702493371	Non-neuron
CTCACCAAGAGAATTC	-0.0413281905874385	0.1861964490558079	OGC	-0.6702169188370565	Non-neuron
CTCACCACATAGCCGC	-0.143634071788582	-0.0229045142926597	OGC	-0.7754558003989305	Non-neuron
CTCACCATCGGGCTCA	-0.1563363128600856	0.1752879761302442	OGC	-0.7431018666565038	Non-neuron
CTCAGAAAGTTAGCGG	-0.5508346961442204	0.5561270858494958	OGC	-0.6583936338212215	Non-neuron
CTCAGAACAAGCGAAC	0.1792231613056611	0.0780155953535075	OPC	-0.6187861101185428	Non-neuron
CTCAGAAGTCTGGGCT	-0.0313925494331519	0.0892868750171186	OPC	-0.7472587114563776	Non-neuron
CTCAGCTAGCTCGGCT	0.0361717101445847	0.2032397441858434	OPC	-0.7886127656392782	Non-neuron
CTCAGCTCAGGCAAGT	0.1601120763652729	0.1536663148317374	OPC	-0.767116763728191	Non-neuron
CTCATGCAGATATGTG	-0.1844478099135094	0.1850468816554752	OGC	-0.7505890487279164	Non-neuron
CTCATGCCATCATGTG	0.1138628561230323	-0.1537751700823712	OPC	-0.700905481912139	Non-neuron
CTCATGCTCGTGGAAG	-0.2193133370960191	0.0978018290405309	OGC	-0.7077521753299386	Non-neuron
CTCCCAACAAGGAGTC	-0.0303444762883735	0.1474592505980129	OPC	-0.7550764828181773	Non-neuron
CTCCCAAGTCATAGCT	0.0290550021012756	-0.3609486331157572	OGC	-0.7410871921343415	Non-neuron
CTCCCAAGTTAGGCTT	0.297946354937338	0.0104600285400017	OPC	-0.629829428198372	Non-neuron
CTCCCAAGTTGAATAG	0.2758899850785252	-0.0455103725692864	OPC	-0.6341416057740012	Non-neuron
CTCGCTAGTGATGCTT	-0.1516277784198587	-0.0714853422806542	OGC	-0.7070945453598911	Non-neuron
CTCTACGCATCGCTAA	0.2248687849673248	-0.0869681766309706	OGC	-0.6578183183130164	Non-neuron
CTCTACGCATCTCACC	0.1162066267533234	-0.1294178902628373	ASC	-0.6739564802914733	Non-neuron
CTCTACGTCGAGGTAG	0.3008976599701264	-0.0622179781751959	OPC	-0.6232639518445983	Non-neuron
CTCTACGTCGAGTTAC	0.169565440286974	0.0351111407646736	OPC	-0.7186401292707933	Non-neuron
CTCTCAGCACCTACCT	0.1782957010155939	-0.0610322611296795	OPC	-0.6311497606810819	Non-neuron
CTCTCAGCATGGGACA	0.1681285506967374	0.0654354881318733	OPC	-0.668066230651486	Non-neuron
CTCTCAGGTATCTGCA	0.0465253650834506	0.0734008093430327	OPC	-0.6113767784724797	Non-neuron
CTCTCAGTCCAGTACA	0.1360332096956353	0.1669200499469744	OPC	-0.5864475489461698	Non-neuron
CTCTCGAGTGTGTGCC	0.1836906822743132	-0.1360561072177846	OGC	-0.668499651204439	Non-neuron
CTGAATGAGCAGAAAG	0.0522093222145442	0.0399129509736746	OGC	-0.5714803313321959	Non-neuron
CTGAATGAGCTGGAGT	0.2607219628893098	0.0114007452444715	OPC	-0.7509819266729257	Non-neuron
CTGAATGCAGCAAACG	-0.2527157569022444	-0.0860608602210107	ASC	-0.8656194062028092	Non-neuron
CTGAATGGTAACAATG	0.0086055499657549	-0.0851805605262483	OGC	-0.6814763715206797	Non-neuron
CTGAATGGTGCATTGT	0.1019590639026025	0.2079371402815637	OGC	-0.8006064424496193	Non-neuron
CTGAATGGTTCTTAGG	0.0713291764983477	0.0171154534607093	OPC	-0.6961996511613106	Non-neuron
CTGCTCACAGATAAGT	0.140480317808967	-0.1282459742477401	OGC	-0.6079650669556008	Non-neuron
CTGCTCAGTATTCGAC	0.2329447006446761	-0.115092802216101	OPC	-0.6660176049510571	Non-neuron
CTGGCAGGTCTAAAGA	0.0338142498606749	0.2004196568870594	OPC	-0.6474557536526343	Non-neuron
CTGGGACAGTGCAACG	-0.102475104254708	-0.1711013772799301	ASC	-0.7737429686025951	Non-neuron
CTGGGACGTCTGGTTA	-0.1167196864239578	-0.2161214115430023	OGC	-0.623420855488914	Non-neuron
CTGTATTAGCACACCC	-0.0919785237236614	-0.162780221911771	OPC	-0.6687194084675682	Non-neuron
CTGTATTGTAACTGAA	0.1798809161962178	-0.0422282206813297	ASC	-0.7062163655005114	Non-neuron
CTGTTCGCAAGTTGCT	0.2512691067506239	0.0824126961734753	OPC	-0.7293557639148323	Non-neuron
CTTCCAGCAAAGAAGG	0.0141575996715737	0.008143588687003	OPC	-0.6806055224644659	Non-neuron
CTTCCAGTCGGTCTAA	0.0200101063777466	-0.1330660222372361	OGC	-0.7383205161280936	Non-neuron
CTTCTAAAGAACTAAC	-0.1837224306746069	0.022716077548154	OGC	-0.7071254059180129	Non-neuron
CTTCTAAAGTTCGACT	0.1211052031410916	-0.0192324791711995	OPC	-0.6749288776216747	Non-neuron
CTTCTAAGTATGGATA	-0.1248395794181308	0.104577659238839	OGC	-0.6903309238441754	Non-neuron
CTTCTAAGTCCGAGCT	0.2228348584078106	0.0401875331202079	OPC	-0.6220628111036868	Non-neuron
CTTCTAATCCCGTATC	0.1413787653683068	0.1933563203040144	OPC	-0.6783590026347149	Non-neuron
CTTGAAGAGGGAAATG	0.0724654718210613	0.0775454525068437	OPC	-0.6150484209371287	Non-neuron
CTTGAAGAGTTAGCAA	-0.1175742151868914	-0.3034315263430916	OGC	-0.7297654247956824	Non-neuron
CTTGAAGGTGTCGTGC	0.2687487723088028	-0.0276745206708612	OGC	-0.6894785806898672	Non-neuron
CTTGAAGTCGTCCCAT	-0.0688489234961927	-0.1375880939558136	OGC	-0.6899309524071049	Non-neuron
CTTGCCAAGTACGCGA	0.1225135606032501	-0.1875837182244684	ASC	-0.7394677171904943	Non-neuron
CTTGCCACATCCCTCA	-0.0379764059316906	0.1915935322299177	OGC	-0.7331695183536537	Non-neuron
CTTGCTGGTTTGCCCT	-0.1472506765316947	0.945116586129952	ASC	-0.9170742579097352	Non-neuron
CTTGTCGCACGAACGA	0.0033409595093826	0.2511217070191471	OGC	-0.7124400440341587	Non-neuron
CTTGTCGCACTGAAGG	-0.0075187128878283	0.0448794660828387	OPC	-0.5812291709072349	Non-neuron
CTTTGCGAGAGCTGTG	-0.0312972442719926	-0.3697650337203936	OGC	-0.9110364591462736	Non-neuron
GAAACAAGTTGCAGCC	0.2135530339016795	-0.083087805260043	OGC	-0.6133649870983423	Non-neuron
GAAACAATCCCAATAG	-0.0150143079227657	0.097658217437799	OPC	-0.5882170294976035	Non-neuron
GAAAGTAAGATCGCCC	0.1895781904418432	-0.0072799244863738	OGC	-0.6388781537875963	Non-neuron
GAAAGTACAAGCCCTG	0.2015008718125729	-0.1555562281123433	OPC	-0.7051962012446013	Non-neuron
GAAAGTACACCTGGTG	0.2433044516470235	-0.0081823011488509	ASC	-0.7014208081615	Non-neuron
GAAAGTATCCGTCAAA	0.2217796913397358	-0.0776491386152157	OPC	-0.6941563523042031	Non-neuron
GAAATGAAGAAAGGGT	0.0113060661143655	0.1787307459038304	ASC	-0.787199081104989	Non-neuron
GAACCGCCAGTAGGCA	-0.0112782704745936	0.1708400963251915	OGC	-0.724124671005435	Non-neuron
GAACCGCCATAGCAGG	0.1518726783637011	0.2110769572342713	OGC	-0.6608838338878612	Non-neuron
GAACCTACATCCCGGA	0.0875593387466828	0.1140877792982243	OPC	-0.6539776310934995	Non-neuron
GAACGTTGTAGGTCTT	0.1234989929944225	-0.0374742063232443	OPC	-0.7699285503479125	Non-neuron
GAACGTTGTTGCTTGA	-0.1402881126137684	-0.0493988758461162	ASC	-0.6460601863626386	Non-neuron
GAACTTGGTCAAGACG	0.1918380788673709	-0.1189064526726865	OPC	-0.6791569425403969	Non-neuron
GAACTTGTCGAGGTCC	0.0899855222673999	0.0868864222637414	OPC	-0.674004504259907	Non-neuron
GAAGAGCGTTGGCTTA	0.0530460598807399	0.0003699963233517	ASC	-0.617061006427426	Non-neuron
GAAGTCTCATCAGCTA	0.102404588059284	0.1340495799260937	OPC	-0.6364704738624803	Non-neuron
GAAGTGGGTTGGAGGT	0.0485398197931635	0.0691711843403529	OPC	-0.6901894226606118	Non-neuron
GAATCTGAGCTGAAAT	-0.0541291746900783	0.1360353421478382	OGC	-0.6056729736142596	Non-neuron
GAATCTGGTCCAGACC	-0.0606949444409458	0.0243053430994067	ASC	-0.6456438689090239	Non-neuron
GAATCTGGTGAATGTA	0.0687309079677715	-0.2991549055830169	ASC	-0.7048623713561106	Non-neuron
GACCAATAGGGTATCG	-0.1009510517931954	-0.1020032193878304	OPC	-0.7750406230560313	Non-neuron
GACCAATGTCTCAAAC	0.2484220067949965	-0.0291589439755292	OGC	-0.6818261282932483	Non-neuron
GACCAATTCCATACGA	0.1633405193965946	0.2014587827900855	OPC	-0.6813317178141703	Non-neuron
GACCCAGCAAATTCCG	0.1050994678415483	-0.1511658581665097	OGC	-0.7423317610843466	Non-neuron
GACCGACTCATCGCTC	0.0930340214207362	0.1236005715027169	OGC	-0.5570020626033138	Non-neuron
GACCTTCAGAGAACCC	0.1951215724402041	-0.0900736062940613	OGC	-0.6622623391002987	Non-neuron
GACCTTCCAAGAGCGT	-0.0275543704439329	-0.2293210950036764	ASC	-0.6908616263202555	Non-neuron
GACTAACCAATGATGA	0.2465787750051076	-0.1115899096804443	OGC	-0.5604884383794783	Non-neuron
GACTAACCAGGGCTTC	-0.0445836564317289	0.2297983785221062	OPC	-0.6931992513549206	Non-neuron
GACTAGTAGTCGTGAG	0.2578431647911508	0.0510012321592243	OPC	-0.6935853729928947	Non-neuron
GACTAGTGTGAGTCGA	-0.0372881895688873	-0.0857240209118988	OGC	-0.7025315880592702	Non-neuron
GAGACTTAGTATACGA	-0.0999755219586785	-0.2397565473327337	OGC	-0.8424654848421435	Non-neuron
GAGATTCCACTTACAG	-0.0019049355866263	-0.1426428315852327	OGC	-0.6286384074914317	Non-neuron
GAGCATTCATCACAAC	-0.0346047325165541	0.2732389320065307	ASC	-0.6963944290799445	Non-neuron
GAGCATTGTTGAATAG	-0.1061303103302233	0.1073113299011594	OGC	-0.6766409275101555	Non-neuron
GAGCGCTTCACAGGGA	-0.1508033115654934	0.0714816151072278	ASC	-0.80819442320369	Non-neuron
GAGGATGCAAACTACC	0.172167150934395	0.0107067591126358	OPC	-0.7659520825751016	Non-neuron
GAGGTCCAGTGAGTTA	0.1062061693569646	-0.0791898038458705	ASC	-0.6492364519857532	Non-neuron
GAGTGAGAGTGCAACG	-0.0225872276612131	-0.1138878959872452	ASC	-0.7641933271127477	Non-neuron
GATCGTAGTGCTGAAG	-0.5544102159109453	0.4161782202850323	OPC	-0.8287971089340981	Non-neuron
GATCGTATCCATAACG	0.1647453466596708	0.0906184260971544	OPC	-0.599767460762601	Non-neuron
GATGATCAGGCATGCA	0.1491039129590099	0.0327653043619934	OPC	-0.610659972687833	Non-neuron
GATGATCTCTTTCGAT	0.266913111466271	-0.0167737642509467	OPC	-0.6025375490990492	Non-neuron
GATGGCCCATATAGAG	0.0591975260342194	-0.0793852812197602	OGC	-0.7207629264507265	Non-neuron
GATTAGCGTTACCCAA	0.2005530227638023	0.135094872286497	OPC	-0.6874150578697094	Non-neuron
GATTAGCTCTGGCCAG	0.0753227287883538	0.0260669150659127	OPC	-0.702302914139325	Non-neuron
GATTGACCAAGACACG	-0.0632856084133767	0.0086400604007175	OGC	-0.6815178015111156	Non-neuron
GATTGACCACAGATGG	0.2244194056486689	0.1294456169286134	OPC	-0.7328638292946317	Non-neuron
GATTGACCACATGATC	0.0909451966496821	0.0284744153661367	OPC	-0.6784504864187267	Non-neuron
GCACCTTGTGCGTAGA	-0.0484331900113923	-0.0497558349287686	OPC	-0.6503367540635894	Non-neuron
GCACCTTGTGTCCAGC	0.0814682876037608	-0.01073132521567	OPC	-0.7552834212645847	Non-neuron
GCACCTTTCGACTATG	0.1361338812393945	0.0178776559685641	OPC	-0.773278592283702	Non-neuron
GCACGCAAGTATAGTG	0.2061134217113088	0.0563632588585918	OPC	-0.6944177100857165	Non-neuron
GCACGCAAGTTTGGAA	0.2200846324088934	-0.0090173707135244	OPC	-0.6995113708561704	Non-neuron
GCACGCACAAATGCTC	0.1559842846830481	0.1673620976417626	OPC	-0.6622926377839238	Non-neuron
GCACGCACACGTTAGT	-0.0460187094149126	-0.3101302597064377	OGC	-0.9055293534676124	Non-neuron
GCACGCATCATGCTTT	0.2225327295173328	-0.0298041158777928	OGC	-0.6997792473532799	Non-neuron
GCACGGTCAAACGTTC	-0.0005952751611458	0.1052037844147877	OGC	-0.703185680812984	Non-neuron
GCACGGTGTTGTATCG	0.1602039722003332	0.0446074973044152	OPC	-0.6150208693544666	Non-neuron
GCAGATTGTAACGGTG	0.2526312218556166	-0.0358576473625369	OPC	-0.6153250103293991	Non-neuron
GCAGATTGTCAGTGCC	0.1822015018521408	-0.1929220984326518	ASC	-0.6442584082050541	Non-neuron
GCAGCCAAGATATGTG	-0.1298346972378818	-0.1041263426277879	OGC	-0.7848667213073656	Non-neuron
GCATGATAGTAATGTG	-0.060993550678514	-0.0848075818642938	OGC	-0.6564618167908302	Non-neuron
GCATGATAGTGTGTAA	0.155740125201376	0.1076005166645132	OPC	-0.7090930116649596	Non-neuron
GCATGATGTAGCAGCA	0.1568091517943831	0.0236053381899257	ASC	-0.7458615572574676	Non-neuron
GCATTCCAGACCCTAT	-0.0137098514748106	0.08531215327028	OPC	-0.6773251085353618	Non-neuron
GCATTCCAGTGGTGTG	0.1830024434578729	0.0474365713481874	OGC	-0.6319015461376034	Non-neuron
GCATTCCCACCTGTGG	0.0991539434155665	-0.0665151913355933	OGC	-0.7348017633451462	Non-neuron
GCATTGATCATTGCCC	-0.0445583919478141	-0.0202237926634023	OPC	-0.7438658120027414	Non-neuron
GCCAGACCAAACCTAC	0.0895119921050351	-0.109062488903058	ASC	-0.8030696256862697	Non-neuron
GCCAGACGTATGCTAC	0.2214485958943825	0.0704032479596181	ASC	-0.7278081836167178	Non-neuron
GCCAGCAGTCACATTG	0.225386256969356	0.1107911248035357	OPC	-0.6970270297066088	Non-neuron
GCCAGCATCTTAATCC	-0.4549488640292287	-0.2506258397777611	OGC	-0.995909169380539	Non-neuron
GCCATAAAGATCCGAG	0.1329087299237635	0.1901657166726781	OGC	-0.6707492157538796	Non-neuron
GCCATAAAGCGTAGCA	0.1327274138960146	0.0865407274844465	OGC	-0.7363080460863053	Non-neuron
GCCCAGACAAGAAACT	0.1417316909136504	-0.0593585237851793	OPC	-0.7069644338552592	Non-neuron
GCCCAGACATAGACGG	-0.0963250393595731	0.0320738372910276	OGC	-0.7962428500907653	Non-neuron
GCCCAGATCATGTTCT	-0.1726680488473569	0.1186746136057608	OGC	-0.7088738113209399	Non-neuron
GCCCGAAAGACAGCTG	0.0698851255213152	0.0145568684681424	OPC	-0.6526523188818035	Non-neuron
GCCCGAACATCATGTG	0.1385088170286547	-0.0746908581715046	ASC	-0.6945412827208703	Non-neuron
GCCTACTCAGGCATCC	0.2931437767454629	-0.0314181756709564	OGC	-0.6479475979432582	Non-neuron
GCCTACTTCTTAGTGG	0.0095399215872837	0.2128278738648313	ASC	-0.6361229233688155	Non-neuron
GCCTAGGAGCAATAAC	0.2346877142509222	0.1089487446200512	OGC	-0.7540981883978916	Non-neuron
GCCTAGGAGTGTAATG	0.100069907136601	-0.1347496211701012	OGC	-0.7170868730120922	Non-neuron
GCCTAGGCAACATAAG	-0.1067296935443107	0.313363386160101	OGC	-0.712219071940711	Non-neuron
GCCTAGGTCCTAAGTG	0.0076383155024504	0.0312078538441198	OPC	-0.6070293112924177	Non-neuron
GCGAGAAGTCTGGGCT	0.1135982318416191	0.1650516646272222	OPC	-0.717356673167515	Non-neuron
GCGAGAATCAGGAAGC	0.1559915584796776	-0.143253003169675	ASC	-0.7000989262758727	Non-neuron
GCGAGTCAGCGTCAAG	0.0081121081215063	0.0773443240709171	OPC	-0.6921779862336866	Non-neuron
GCGAGTCGTACGACCC	0.1658114610282374	0.1111202198829815	OPC	-0.637863616809319	Non-neuron
GCGAGTCGTTAGAGAT	0.1420262935406177	0.1091465354781607	OPC	-0.869065548769689	Non-neuron
GCGATCGAGCCATTCA	0.2313171643705755	-0.1075986823679079	OPC	-0.7329728048284768	Non-neuron
GCGCATGTCGATGAAA	0.1846766010883097	0.135178377047907	OPC	-0.7158501161711426	Non-neuron
GCGCCAATCATCGCTC	0.0245950143476528	0.1185743649034514	OGC	-0.6481211214729302	Non-neuron
GCGGAAAAGGCGATTG	0.2055866521835957	-0.0688791144807878	OPC	-0.7772790889899679	Non-neuron
GCGGAAAAGTGGACGT	0.0347232910762715	0.2360449856493811	OGC	-0.8133256135341422	Non-neuron
GCGGGTTAGCTGCCAC	0.2750038776879335	-0.0726782487664473	OGC	-0.6645534592070468	Non-neuron
GCGTAGCCAATTGTGC	-0.1550334407272334	0.2725792964683793	OGC	-0.6341458944830654	Non-neuron
GCGTTGGCACTTTGGA	0.1862654704830772	-0.1557373773939351	ASC	-0.7179903665756084	Non-neuron
GCTCACTTCAATGCAC	0.2036181773436822	-0.1089373343489095	OGC	-0.6259960368534928	Non-neuron
GCTCAGGTCGCATAAC	0.2131573129704967	0.0598308369269049	ASC	-0.7333165991581462	Non-neuron
GCTCCTACAAAGCATA	0.0518018362707071	0.188174251418167	OGC	-0.6991859772783775	Non-neuron
GCTCCTAGTCTGGTCG	0.1676933273117599	-0.1640632835780037	OGC	-0.8653848257998198	Non-neuron
GCTCGAGCAAACAGTA	0.1361586931445215	0.1224880560137045	OPC	-0.6872648980210471	Non-neuron
GCTGAGCCAAGGTTCT	-0.1472506765417936	0.94511658612836	OGC	-0.7222624578078228	Non-neuron
GCTGAGCCAGGTAGCA	-0.0138325021761505	0.143138349787156	OGC	-0.7559391909492756	Non-neuron
GCTGAGCGTGCTTACA	0.0423903826627756	0.0825417445709714	OPC	-0.719024553325586	Non-neuron
GCTGAGCTCCAAACCA	0.172092612231103	-0.0873255041058858	OGC	-0.6119589343113581	Non-neuron
GCTGAGCTCCCTATTA	-0.1922126625402006	0.0520814891499796	OGC	-0.6766854925030529	Non-neuron
GCTGCGAGTGCCAAGA	-0.1657162611092706	0.1014896941258488	OGC	-0.7134311327452569	Non-neuron
GCTGCGAGTGGATTTC	-0.3546273531404654	-0.0420756275813135	OGC	-0.7684473666131214	Non-neuron
GCTGCGATCTCGACCT	-0.0229442853436607	0.1847261554754824	OPC	-0.6531102699098829	Non-neuron
GCTGTTCGTGATCAGG	-0.1470437608147535	0.1930439214468659	OGC	-0.696477183555614	Non-neuron
GCTGTTCTCGGTTGTA	0.0697140066440931	-0.1116063782608101	ASC	-0.7514965573951344	Non-neuron
GCTTAAGAGAACCCGA	-0.1740958936321722	0.0326274589014018	OPC	-0.7607067264659034	Non-neuron
GCTTAAGAGTTAGCAA	0.2529923121657516	0.0656685150902232	OPC	-0.6926539280664181	Non-neuron
GCTTAAGCAGCAACGA	0.1854700260482662	0.1865394968300928	OGC	-0.6381450164378054	Non-neuron
GCTTAAGTCTAGTCGA	0.2580858676174413	-0.0853250599655401	OPC	-0.724756462147189	Non-neuron
GCTTGCTGTTCCCTTG	0.0720440799489773	0.1010393941571677	OPC	-0.6948298236280384	Non-neuron
GCTTGCTTCGACCCGA	0.1514829253143328	-0.0545266444567506	OPC	-0.6829824860180469	Non-neuron
GCTTTCGGTTAACCGT	-0.3874910845973773	-0.4838342658546556	OGC	-0.9002847148978461	Non-neuron
GGAACCCAGAGGAACA	0.1077471440863741	0.1199753298000609	OPC	-0.6775607336116914	Non-neuron
GGAACTTAGTTATGAG	-0.0477887207578634	-0.0671567225441229	OGC	-0.7137167535960722	Non-neuron
GGAACTTCAGGCATCC	0.2248986746790887	-0.1195044044434914	OPC	-0.7117519513022139	Non-neuron
GGAACTTTCAATCGTG	-0.0213973276174812	-0.1015877809817288	ASC	-0.6656885106130285	Non-neuron
GGAACTTTCTCTATCA	-0.0168813598334897	-0.2326567330385759	OGC	-0.8978997879987561	Non-neuron
GGAATCTGTCTGGATT	0.0391758931587216	-0.1763731024878926	OGC	-0.7257210837447619	Non-neuron
GGACACCAGGCGTAGT	0.0567402275180226	-0.0421014250652053	OPC	-0.6761881654517462	Non-neuron
GGAGAACTCACTAGCA	0.234277988627745	0.115234750539784	ASC	-0.6001670485010981	Non-neuron
GGAGGATGTTCCGCGA	0.2613047681984817	0.066309668585861	OPC	-0.6667567235237506	Non-neuron
GGAGGATGTTGGCTAT	0.2192577600481525	0.0999519899769788	OPC	-0.6780742714755399	Non-neuron
GGAGTAGAGAAACGCC	0.1856693353039996	-0.1200924683808719	OPC	-0.6895874723510471	Non-neuron
GGAGTAGTCGAGGTAG	0.0253852787136097	-0.2199548094032714	ASC	-0.757146795018527	Non-neuron
GGAGTAGTCTCGTAGA	0.1619834967591318	0.0080832348391494	OGC	-0.5478263866102727	Non-neuron
GGATAGGTCGGATGTT	-0.0944591423922464	0.24578907122615	OGC	-0.6691319775800807	Non-neuron
GGATGAGTCTATATCC	0.0999366090921956	-0.102708347949732	ASC	-0.663499666881229	Non-neuron
GGCATTAAGAGCCACA	0.2894907364255059	-0.0011282311361858	OPC	-0.6544054671265219	Non-neuron
GGCATTAGTCCGTGCA	0.1611525953340596	0.1132424696151579	OGC	-0.6384058532907926	Non-neuron
GGCATTATCAGGGTTT	0.1334856525109617	-0.1702573162244331	ASC	-0.6343738386627096	Non-neuron
GGCGAAACAAAGGAAG	0.2390704464439459	-0.0524831548531615	OPC	-0.6349712325121984	Non-neuron
GGCGAAACATCCCGGA	0.0522498819369347	0.1768756618326319	OGC	-0.6019519696672269	Non-neuron
GGCGAAAGTATCATGC	0.2236699565348649	-0.0351898399987	OPC	-0.663080779082029	Non-neuron
GGCGAAAGTGCACCCA	0.1034480031518356	0.0795075202423015	OPC	-0.6889878798230572	Non-neuron
GGCGAAATCACATCCC	0.0904564241296053	0.0956586316009742	OPC	-0.6523098405467965	Non-neuron
GGCGTTGCAATGTAAG	0.2792245107653198	0.0304052710253216	OPC	-0.6995998907415116	Non-neuron
GGCGTTGTCGGATAAA	-0.4789130556112179	0.0465649868602331	OGC	-0.7472784062176148	Non-neuron
GGGAACACAACGAGGT	-0.0649347049691043	0.1962301037658268	OGC	-0.6090224257504441	Non-neuron
GGGAACACACGGCCAT	0.0602442877371074	0.1223567525378053	OGC	-0.7503843346223036	Non-neuron
GGGAACATCTCTGTTA	0.0700311867490148	-0.1239550153376255	ASC	-0.7034464171833147	Non-neuron
GGGACCTCAATGGCTT	0.1788638195896036	0.0572182123758982	ASC	-0.6925025102933532	Non-neuron
GGGACCTTCCTCCAGT	0.1628527296913988	0.130324516064467	OPC	-0.6434769750773955	Non-neuron
GGGCCATAGGATATCA	0.2564271999011211	0.044439582511355	OPC	-0.7001009460957792	Non-neuron
GGGCCATGTATTCTTC	0.2552206285746387	0.0608007876510075	ASC	-0.6287407866870877	Non-neuron
GGGTCTGCAGAGCCAA	0.0148393852972768	0.2996747313796995	OPC	-0.7235271134062248	Non-neuron
GGGTGTCGTAACATAG	0.1647738187845011	-0.0807319895652485	OGC	-0.6717646985780681	Non-neuron
GGGTTATAGAAAGGGT	-0.1472519285929932	0.9451163887319998	ASC	-0.8659969988672781	Non-neuron
GGGTTATGTTTCGACA	0.2448286808401035	0.0183415338519514	OGC	-0.669852529020761	Non-neuron
GGGTTATTCGTTACAG	0.2720920096707018	-0.0798183164381563	OGC	-0.7407501215165105	Non-neuron
GGGTTATTCGTTCTAT	0.1477845126295503	-0.2324868522992795	OGC	-0.8182014956952965	Non-neuron
GGTACCGAGTTCAAGA	0.1527051211610556	-0.1484247527612573	OGC	-0.7503293494962169	Non-neuron
GGTAGGAAGAAGAGTG	0.2530532901625286	-0.0543196270781242	OPC	-0.6662171888029733	Non-neuron
GGTAGGAAGCATTGGG	0.0437137178184401	0.0954007687198888	ASC	-0.7158360581623697	Non-neuron
GGTAGGAGTAGCAGCA	-0.19650750710019	0.2103701571765154	OPC	-0.6189147089240008	Non-neuron
GGTAGGAGTAGTCCAT	0.2600619367742857	-0.0778969988691189	ASC	-0.5902054030666605	Non-neuron
GGTAGGAGTGTGCTTA	0.0933618121295192	0.0078727539738096	OGC	-0.5217544247893133	Non-neuron
GGTCATAAGGAAGACA	0.1955047253907818	-0.0789348013664216	OGC	-0.5567586468975728	Non-neuron
GGTCATACACGATTAC	0.136351610972106	0.1344054278019207	ASC	-0.6875358489077038	Non-neuron
GGTCATATCCATCATT	-0.041106170748508	0.0907950667754116	OGC	-0.5937893998437527	Non-neuron
GGTCATATCTTCGTTA	0.0349065013597274	-0.0801264797538116	OPC	-0.693222587086843	Non-neuron
GGTGAAGCAAACCTAC	0.2332691384635547	-0.1344059699912402	OPC	-0.7367118218372015	Non-neuron
GGTGCTGAGTGATATG	-0.0664781621095204	-0.1853361919010485	OGC	-0.7737584338657406	Non-neuron
GGTGCTGGTAACATAG	0.1925223109464189	-0.1407954474930797	ASC	-0.6241478623278792	Non-neuron
GGTGTCGAGGCTCCTG	0.1061805396463824	0.1476208229461887	ASC	-0.7892384537490219	Non-neuron
GGTGTCGGTCGAGAAC	-0.2532501934030108	0.0770707255621728	ASC	-0.8428955004433926	Non-neuron
GGTTGCGAGGTTGACG	0.1226437001583888	-0.1042854518377797	ASC	-0.6713741194052326	Non-neuron
GGTTGCGAGTAGCAAT	0.1476365084752715	0.0524238590121986	OPC	-0.7370220038518469	Non-neuron
GGTTGCGAGTCTCGAT	-0.0262399891303646	-0.2109158219354371	OGC	-0.7220043146898893	Non-neuron
GTAATCGTCCTAAAGC	0.257038740413724	-0.0486392235912432	OPC	-0.6943020601078718	Non-neuron
GTAATCGTCTCGACAA	0.213849976166807	-0.0981066619916142	OGC	-0.6595963342689484	Non-neuron
GTACTTTAGTAGGTCG	0.0727680434848589	0.1569576335157169	OGC	-0.6912997254830114	Non-neuron
GTACTTTCAGACCTGC	-0.1035258721453266	0.040583871226195	OGC	-0.7072038887690841	Non-neuron
GTAGACTGTCACATTG	0.0277741862415976	-0.0819285332524076	ASC	-0.7264146517231294	Non-neuron
GTAGTACAGTGTCGGA	0.2691076711110405	0.0804440231949929	ASC	-0.6897139549159458	Non-neuron
GTCACAAGTAACGGCA	-0.0824722702962582	-0.0498569583713215	OGC	-0.8516199564024601	Non-neuron
GTCACAAGTGCGTCCA	0.0965508742326447	-0.0017652583835083	OGC	-0.5801148701405683	Non-neuron
GTCACAATCTCATCCG	-0.0475224989469543	-0.2395458996083344	OGC	-0.7612454114320076	Non-neuron
GTCACCTAGAGGAACA	0.1694289106853072	0.176628335232355	OPC	-0.6920390209796835	Non-neuron
GTCACCTGTACGCAAG	0.1703459121579461	0.1546939605690089	OPC	-0.7241111720461966	Non-neuron
GTCACCTTCATTCTCA	0.1815018663627264	0.1130831809144551	OPC	-0.5986887791904437	Non-neuron
GTCACGGCAACTTGGT	0.2316383684472579	-0.1568798482639813	OGC	-0.6396133582372362	Non-neuron
GTCACTCAGGACCGAT	0.0677655302245811	0.1440752002714563	OGC	-0.6514235802994344	Non-neuron
GTCACTCTCAGAACGG	-0.0772720240932741	0.1492234175763143	OGC	-0.712006537213566	Non-neuron
GTCACTCTCGTGAGTT	0.1885749573269977	0.1117457079464576	OPC	-0.7409264229196334	Non-neuron
GTCCATCTCTTGGCCT	0.1720292810332635	0.0908891270776805	ASC	-0.6768412360205965	Non-neuron
GTCGTAATCTTCGTTA	0.0372729965762217	0.1500390922798902	OGC	-0.6243792627470991	Non-neuron
GTCTACCGTAGCAGGT	0.1822285121240469	0.030496109186859	OPC	-0.6327304927791944	Non-neuron
GTCTACCGTTCTGATG	0.0971849945086964	0.0619130867574954	OGC	-0.6746335577218648	Non-neuron
GTGACATTCGCGCCAA	-0.1401274316052785	0.0843550098062206	OGC	-0.7563332429182908	Non-neuron
GTGCACGAGAGTTTGA	0.2729388860897043	-0.0373622449991377	OPC	-0.72748237571303	Non-neuron
GTGCACGCAAGCCAGA	-0.0585336132752294	-0.2388779093808432	ASC	-0.6455124361142699	Non-neuron
GTGCCAGAGACTTCCA	0.0153368063778073	0.3509519898041997	OGC	-0.8042427010708256	Non-neuron
GTGCCAGAGTCGAAAT	0.0767487958144168	0.1423862873430077	OPC	-0.6592473574371517	Non-neuron
GTGCCAGCACTACACA	-0.1075880754508803	0.1797792110065055	OGC	-0.6226033837447402	Non-neuron
GTGCCAGTCGAGTGTT	-0.2858241157572164	0.102153995803445	OGC	-0.6356056028742402	Non-neuron
GTGCTGGAGGTTGACG	0.0866474366963578	0.0568092126375827	OPC	-0.6959811999701259	Non-neuron
GTGGATTCATGGAGGT	0.2492778289491695	-0.0135745080341896	OPC	-0.6550159608525723	Non-neuron
GTGGCGTAGCCTCGCA	0.2201071627749429	-0.0420793383401681	OPC	-0.6567160425409376	Non-neuron
GTGGCGTAGTGAAACT	0.204925982568823	0.0702150211320251	OPC	-0.7665706601137421	Non-neuron
GTGTCAAAGGCAGTGT	-0.1663128182097639	-0.1891487513648296	OGC	-0.8005258222230757	Non-neuron
GTGTCCTAGCCATCAT	0.0477619925249703	0.2054901595571021	ASC	-0.7302047908184869	Non-neuron
GTGTGATAGTGTAATG	-0.0212298546271855	0.1289762051058938	ASC	-0.732419518163979	Non-neuron
GTGTGATAGTTTGGAA	0.0464178830706346	-0.0041555715381302	OPC	-0.747709165858032	Non-neuron
GTGTGATCACTAGGAG	0.0220044610426276	0.0344221303224948	OPC	-0.6954944809152958	Non-neuron
GTGTGATCAGCGTAGA	-0.2845462273740313	0.0027576708042648	OGC	-0.9361630278478668	Non-neuron
GTGTGATGTATGGTTC	0.1204420627331164	0.0325568701392933	OPC	-0.635933158359411	Non-neuron
GTTACGAAGATCACCT	0.2396462950465683	-0.0598227548372738	OGC	-0.7315045602925941	Non-neuron
GTTACGATCCACACCT	-0.0759447047144386	0.2021872129793216	ASC	-0.667316106487581	Non-neuron
GTTACTTAGGCGCTTC	0.0988356430530695	0.0337184179313239	OPC	-0.7140531673385079	Non-neuron
GTTACTTGTCTGATTG	-0.4562179166130803	-0.3174003066827404	ASC	-0.4412098198868172	Non-neuron
GTTATGGAGCATGTGG	0.2061678730723192	-0.0059621183843557	OPC	-0.7036457949692272	Non-neuron
GTTATGGCAGGTGTCC	-0.1087252243113446	0.3236256854600486	OGC	-0.739272137576445	Non-neuron
GTTATGGTCACTGGTA	-0.0106530117366878	-0.3578848152562883	OGC	-1.0	Non-neuron
GTTATTCGTTCGGGAA	-0.4444067268166857	-0.3621691363333434	OGC	-0.7131154993777691	Non-neuron
GTTATTCTCCGAGAGA	0.0726256080419676	-0.2538252579335057	OGC	-0.6376494491845257	Non-neuron
GTTGGGCTCCTCCCAA	-0.0925547591842026	-0.3156281849544969	OGC	-0.7902492848686447	Non-neuron
GTTGGTAAGCGCGTTC	0.1515113008987485	0.0801754619493371	OGC	-0.7329873809338051	Non-neuron
GTTGGTAAGTCTCCAA	-0.4261224231892827	-0.0359137653856677	ASC	-0.7880284882629278	Non-neuron
GTTGGTACAAAGACGC	0.2170558478301069	-0.017137566464406	OPC	-0.6207937034334574	Non-neuron
TAAACCGAGTGAGCAC	-0.0228614864440858	0.2454955408846575	OGC	-0.5247998608346153	Non-neuron
TAAACCGCAATCCATG	0.1784086147219065	0.1608921436736617	ASC	-0.7657489408343509	Non-neuron
TAAACCGGTAGACGCA	0.0975489030099039	0.1902021737750129	OGC	-0.6503130385594228	Non-neuron
TAACAGCAGAGTTCGG	0.0756964512037981	-0.1493209253327299	OGC	-0.8379578646585573	Non-neuron
TAACGGTCAACGTAGG	0.0851149588470124	0.1178423586935688	OPC	-0.6317882732633234	Non-neuron
TAACGGTTCTGGCTAA	0.2793608765766133	-0.0510744303209592	OGC	-0.6227458667878102	Non-neuron
TAAGCCAAGGATTGCG	-0.6113029374351747	0.1344748950394303	ASC	-0.6568020870910404	Non-neuron
TAAGCCAAGTGAAACT	-0.0296727530460433	0.0805180058257418	OGC	-0.6112765250945604	Non-neuron
TAAGCCAAGTGTCACT	0.0714846308281971	0.1280338919577251	ASC	-0.6471890475497751	Non-neuron
TAAGCCACACTGGGCT	-0.0503561378985253	0.0478560005633374	ASC	-0.7111713141014636	Non-neuron
TAAGCCACAGTAAGCG	-0.1353412489980805	0.1626112810427286	OPC	-0.7006833921614611	Non-neuron
TAAGCCAGTGATAACA	0.054347621271689	0.015054119640153	OPC	-0.652473939336237	Non-neuron
TAAGTGCAGAACCATA	0.2815051169000694	-0.0128988589667153	OPC	-0.6443998927727401	Non-neuron
TAAGTGCCAAGTTCGT	0.262198234566675	0.0366800955934327	OPC	-0.7780790606277841	Non-neuron
TAATCGGAGTTGAATG	0.0359646593126312	0.1324762322042075	OGC	-0.67207646275037	Non-neuron
TAATCGGGTGGACTGA	-0.0518654694822181	0.0347094455837371	ASC	-0.7046970797137002	Non-neuron
TAATTCCCATCCCAAA	0.0523431377337199	0.0967103712507986	OGC	-0.6858158832478012	Non-neuron
TACAGCAAGATGAGGA	-0.2148848122346299	0.0566679157296951	ASC	-0.692028656132327	Non-neuron
TACAGCAAGTTAGCAA	0.0670342789259182	-0.0484027379830125	OPC	-0.7349048255626871	Non-neuron
TACAGCAGTGCTGTGC	0.2001484446061876	-0.0110091263006857	OGC	-0.6704375013215451	Non-neuron
TACATTCAGAGAGGTA	0.1493847700209008	-0.1773659483701497	OGC	-0.7816493909332661	Non-neuron
TACATTCAGGAACCGT	0.1329090324556893	-0.144642152853128	OGC	-0.751141304078238	Non-neuron
TACCCTGAGATCCGAG	0.1102584887649384	-0.212184040983965	OPC	-0.7206883824867779	Non-neuron
TACCTATAGACTCGGA	0.2829142050340795	0.0503206433394711	OPC	-0.6319954090933062	Non-neuron
TACCTATCACAGCTTA	0.1379459235903755	0.0430965912868678	OPC	-0.7074310817255697	Non-neuron
TACCTCGAGTTAGAGT	-0.1070810936463378	0.0600591307514666	OGC	-0.7457869286368255	Non-neuron
TACGCAAAGCTATCGT	0.2191952878475836	0.0581483003737013	OPC	-0.7360356026249071	Non-neuron
TACGCAACAATGCATC	-0.3152279155812871	0.040840168064098	OGC	-0.7278083602697949	Non-neuron
TACGCCTTCGATCTTT	0.1729862092803094	0.4407327041469725	ASC	-0.7616599629973831	Non-neuron
TACGGATCACTAGCCG	0.1332630379597112	-0.006544225634981	OPC	-0.6677118559366606	Non-neuron
TACGGATTCAGTGGTT	0.2209932719057407	0.0733393688173835	OPC	-0.626042075506305	Non-neuron
TACTAGGTCGCCAGAC	0.0055500724597293	-0.2644053503530332	OGC	-0.5792231441699608	Non-neuron
TACTCGCAGTCGTATC	0.2606896948214782	0.0409984063113878	OGC	-0.7026758000467979	Non-neuron
TACTGCCAGTGTCCCG	0.2211289050577839	0.0497656246422968	OPC	-0.7198101942644394	Non-neuron
TACTGCCCATAGGCGA	0.276666049262168	0.0116262236716419	OPC	-0.6738251899474527	Non-neuron
TAGCACAAGGCCTCGT	-0.2223130165051681	-0.2582497752611857	OGC	-0.8139606382865985	Non-neuron
TAGCACAAGTCGACCC	0.0183028276312365	-0.0716742658802697	OGC	-0.707543513909124	Non-neuron
TAGCACAAGTGTCCCG	0.1582072107247948	0.0544933689700566	OPC	-0.6986144391728581	Non-neuron
TAGCACACAAACCTAC	0.0825480156186589	-0.0372235247741898	OPC	-0.6856518152973703	Non-neuron
TAGCACACAGTAACCT	0.1479521035206071	0.1471563955266715	OPC	-0.6872800914239948	Non-neuron
TAGCACACATAGATAG	0.1334650876738765	0.0598710280796021	OPC	-0.6893819340682612	Non-neuron
TAGCATGGTAAACGAT	0.0778998268059488	-0.2261660471039079	ASC	-0.7591952686155077	Non-neuron
TAGCATGGTAGATGAT	-0.321243357420558	-0.1855142901010527	OGC	-0.788438234034023	Non-neuron
TAGCATGGTGCGTCCA	0.2009185169727227	0.0486342435160411	OPC	-0.6562535073259217	Non-neuron
TAGCCCTCAGGGTACA	0.1404324324678763	-0.1977005451185365	ASC	-0.7368010753529707	Non-neuron
TAGCCCTCATCAACTG	0.2316286895590497	0.0596174494948582	OGC	-0.7199129097628622	Non-neuron
TAGCCCTGTAGTAACA	0.0857058894821711	-0.1924453005371859	OPC	-0.603061995558354	Non-neuron
TAGCCCTTCGATGCAT	0.0765987206312443	0.0494833899767883	OPC	-0.5732281206676039	Non-neuron
TAGCCGGAGAAAGCAG	0.2023890197713978	0.0055026321337317	OPC	-0.6441624378948263	Non-neuron
TAGCCGGGTGAGAGTC	-0.1172099775060057	0.0880571144371619	OPC	-0.6413940056543557	Non-neuron
TAGCCGGTCCAGAATC	-0.1855015513874419	0.1276470045657466	OGC	-0.8363011777415242	Non-neuron
TAGGAGGAGCTAACAA	-0.0006235777106344	-0.2493685235182502	OGC	-0.7465225730383874	Non-neuron
TAGGAGGAGGTCGTTT	0.0162258074537504	-0.1533338465569654	ASC	-0.6460665841628808	Non-neuron
TAGGTCAAGGGTGTTG	0.1967793312931071	0.1659958434687967	OGC	-0.7707841002459784	Non-neuron
TAGGTCAAGTCTAGAA	-0.3310181385176715	-0.0278444923751286	OGC	-0.9398083756965524	Non-neuron
TAGGTCACAAAGAAGG	-0.0016670063902737	-0.0637080910220508	OPC	-0.7306036820199023	Non-neuron
TAGGTCACACATTGCA	-0.2323582105351091	-0.1171828891370522	OGC	-0.7994509051155578	Non-neuron
TAGGTCACATCGACGC	0.0843849013225151	0.0762914294976557	OGC	-0.7306237453018104	Non-neuron
TAGGTGTAGTCTTAGC	0.0232902625523322	-0.113843148807318	OGC	-0.7483016239794323	Non-neuron
TAGTCCCAGCCGCTGT	0.1936760181017487	0.0886806038324112	OPC	-0.61036754277404	Non-neuron
TAGTCCCTCTCCTTAA	0.2189385004231525	0.1039568236935292	OGC	-0.8031258132022938	Non-neuron
TATCGAGAGTCACGCC	0.1164344572056769	0.188150918292995	OPC	-0.8090392880695596	Non-neuron
TATGTGGCAATGGTAA	0.0484195479131703	-0.2104945086197382	OGC	-0.7208016440811016	Non-neuron
TATGTGGCATCCCAAA	-0.0213783404203707	-0.0131386892572428	OGC	-0.6554717330732625	Non-neuron
TATGTGGTCACCCTTG	-0.1904360958209529	-0.146201308458586	OGC	-0.7041336598434687	Non-neuron
TATGTGGTCTTTCGAT	0.0105799763966901	0.1610487606313511	ASC	-0.7817828444081915	Non-neuron
TATGTTCGTATATGGA	-0.2614437312336188	-0.0240414452539527	OGC	-0.9453359347110074	Non-neuron
TATGTTCGTTGCAGCC	-0.0235188278801524	0.1735204456628511	ASC	-0.667954555280321	Non-neuron
TATTGCTAGAGCCTGA	-0.0283762945142868	-0.3025457844299902	OPC	-0.6610140407694113	Non-neuron
TCAAAGCAGGGAAGCG	0.2367918514571723	0.0313388220548349	OPC	-0.7409848979135822	Non-neuron
TCAAGACAGATTACGA	0.1427521846515132	-0.0085234690782935	OPC	-0.6751104260023822	Non-neuron
TCAAGACTCCATTGAG	0.2372469249609805	0.0900960449156704	OPC	-0.5985102075867608	Non-neuron
TCAAGACTCTGGCCAG	0.0691123939858182	-0.1511786825386224	OGC	-0.6829995070652483	Non-neuron
TCAAGCACACGCGCAT	0.1627751691359733	0.0940566129927702	OGC	-0.6216892649577462	Non-neuron
TCAAGCATCTGAGTCA	-0.0033722776532182	-0.0291904412527997	OGC	-0.5590717274182082	Non-neuron
TCAAGGTGTTACTTTC	0.2374776347469286	0.027639368301583	ASC	-0.7086912361479363	Non-neuron
TCAAGGTTCGCATAAC	0.1095521917611812	-0.0704798268186093	OGC	-0.6613766229398007	Non-neuron
TCAATTCCAAATGTCC	0.1966958474597167	-0.0662015781731112	ASC	-0.6446388046554972	Non-neuron
TCACAAGAGCGTGTTT	0.2582548330194413	0.0264842473547453	OPC	-0.6715242977818291	Non-neuron
TCACAAGTCAACTTGG	-0.1070532783099039	0.035836442998692	OGC	-0.8002742488710743	Non-neuron
TCACAGAAGCCATTCA	0.1099280566835501	-0.0377202148834074	OPC	-0.6748002922346649	Non-neuron
TCACCACCATCCCTTG	0.2459034961512786	0.0031620239298254	OPC	-0.7185152033235285	Non-neuron
TCACCACCATGGTTTG	0.2418507922896225	-0.1102431292505083	OGC	-0.6852766648817533	Non-neuron
TCACCACGTGGACCAA	-0.1280641885982762	0.2145422930254887	OGC	-0.6056620064946612	Non-neuron
TCACCTGAGTTGAATG	-0.5983334826516811	0.0343473639139368	OGC	-0.6964251793922126	Non-neuron
TCACCTGCAAGTCCTA	0.1653981860839403	-0.0584920525142715	OGC	-0.6737977773506955	Non-neuron
TCACCTGCAGTTCGGC	-0.0110843914004379	0.2795547275759606	OPC	-0.6822792671036169	Non-neuron
TCACCTGTCTGAGTCA	0.1439169455645784	0.1282710479509937	ASC	-0.7031339681989438	Non-neuron
TCACTCGGTACGACCC	0.2813388773754141	0.0434231450052773	OPC	-0.5789654444557492	Non-neuron
TCACTCGGTTGAATAG	-0.1462380984154627	-0.080259605405922	OGC	-0.7307229357279095	Non-neuron
TCAGCTCTCCAGTACA	-0.0143603625411153	-0.0615319070314421	OGC	-0.7210691321260158	Non-neuron
TCAGGGCAGGGTGTTG	0.1834803877682718	-0.1256211921847861	OPC	-0.7482139248205555	Non-neuron
TCAGGTAAGCAATGTA	-0.1472506766446656	0.9451165861121406	OGC	-0.6630501212334253	Non-neuron
TCAGGTAAGCCGCAAA	-0.148231152352075	-0.3808836069036653	ASC	-0.874285742438771	Non-neuron
TCAGGTATCTTGTGCC	0.0784017662387024	-0.0266417162515731	OPC	-0.7264520051070326	Non-neuron
TCAGTTTGTCTGGTCG	-0.0403374832335972	0.1191565134742563	OPC	-0.7067067241149325	Non-neuron
TCAGTTTTCTCGTAGA	-0.4312149746881802	0.4347140906050675	ASC	-0.7076682990788149	Non-neuron
TCCATCGCAAGCTTTG	0.0670309269130555	-0.2280010447106211	OPC	-0.763481080746616	Non-neuron
TCCATCGGTAGTCCAT	0.1375243144468129	0.0243436555427142	OPC	-0.7069643236293076	Non-neuron
TCCATCGTCTTCATAC	0.0114587243079487	0.0258678966306608	OPC	-0.7878413935149868	Non-neuron
TCCCACAAGAGAGTAG	-0.1299988705956231	-0.1805577573864297	OGC	-0.6954855295987724	Non-neuron
TCCGACTCAGGTGTGA	-0.0991368183728911	0.0723983120418963	ASC	-0.6930211124885229	Non-neuron
TCCGACTGTGAGGTCA	0.2050420327369717	-0.0282382226728992	OGC	-0.6702513896342042	Non-neuron
TCGAGCGGTAGTAACA	0.2578018010575293	0.1011786159823636	OGC	-0.7015265947910743	Non-neuron
TCGCAGGTCACTGATG	0.0310126387971911	-0.1214843472015709	OGC	-0.6635383109621014	Non-neuron
TCGCAGGTCGATGTGT	-0.1020350246584494	0.1236877874560639	OPC	-0.8308405958325001	Non-neuron
TCGCCTAGTGGATTCT	-0.1514328636345479	-0.0027311268484859	ASC	-0.855470123204	Non-neuron
TCGGGACAGCAATGTA	0.1029150854520946	0.0124402191341402	OPC	-0.5605481035998287	Non-neuron
TCGGGACAGGGTTCTT	0.0805797927439005	-0.0051476455318567	OPC	-0.6551311950489063	Non-neuron
TCGGGACCAACGTCGC	0.1034618997732795	-0.1944765539483347	OPC	-0.7028195670707352	Non-neuron
TCGGGACGTAACATAG	0.0249541151018128	0.1496089613243275	OPC	-0.6662828088148915	Non-neuron
TCGTTCGAGCACGTAG	-0.0816503049904308	0.1261445471593744	ASC	-0.7159730067482387	Non-neuron
TCTAGTTAGGTTGACG	0.2136716459674241	-0.1325850109528678	OPC	-0.6487481900237823	Non-neuron
TCTAGTTTCCCAATGA	0.1872041932273475	-0.109091527492069	OGC	-0.6311650964296186	Non-neuron
TCTATTGTCGCACCTT	-0.0424322456290751	0.0178312641606766	ASC	-0.7883330377038408	Non-neuron
TCTCAGCAGCGTCAAG	0.1457143205947789	-0.048576377409096	ASC	-0.6630796345908652	Non-neuron
TCTCAGCAGTTCGACT	0.1976935318050874	0.1255386289413466	OGC	-0.6647961558907555	Non-neuron
TCTCAGCGTGATAGAT	-0.1472520449917942	0.9451163703806686	ASC	-0.7241436528313993	Non-neuron
TCTCAGCTCGTTCCGT	-0.0332168803036808	-0.0242759012401768	OGC	-0.5789696592075965	Non-neuron
TCTCAGCTCTCCTTGG	0.0919781454986242	0.1422604399427063	OPC	-0.7462780280264759	Non-neuron
TCTCTGGGTATCTCAG	-0.5841825644077169	0.1663379253095198	OGC	-0.689913104175014	Non-neuron
TCTCTGGGTATGGGTG	0.1716861454755287	-0.1060729390571018	OGC	-0.7167738505708564	Non-neuron
TGAATCGCAATGTGCT	0.0530823145442559	0.1543372839895193	OPC	-0.641547016051453	Non-neuron
TGACAACTCAGTGGTT	0.2199917904109529	0.0084996898733029	OPC	-0.7391490519084367	Non-neuron
TGACAACTCGGCATAT	-0.0130180050658803	0.2083649649575993	OPC	-0.7765978041140015	Non-neuron
TGACTCCGTACGTAGG	-0.0286490528358009	-0.1579142895569823	OGC	-0.735010101039203	Non-neuron
TGAGCCGAGAGAGTTT	0.2102741360543444	-0.1393682144074871	OPC	-0.6746168402147763	Non-neuron
TGAGCCGAGCTCCGGT	-0.2423238159201611	0.1928897187861113	OGC	-0.7877702751928416	Non-neuron
TGAGTCAAGTGAGTGC	-0.0539783393777535	-0.2544494259731009	ASC	-0.8617961861080912	Non-neuron
TGAGTCACAACGAGGT	0.2046528328064297	0.0969988922262237	OPC	-0.6733331838810086	Non-neuron
TGAGTCAGTCGTAGTT	-0.1472506765025673	0.9451165861345446	ASC	-0.6283825711461153	Non-neuron
TGATCAGCATAGTCCA	-0.0615222774669403	0.1542464024685444	OGC	-0.6948910984766332	Non-neuron
TGATGCAGTCAAGACG	0.2671307405010623	-0.0222074718152308	OGC	-0.7149955762406589	Non-neuron
TGATGCATCGATGTGT	0.2343143930188861	-0.0789818642004746	OPC	-0.6165083663741107	Non-neuron
TGATTTCCAAGAGCGT	0.2127017150129582	0.0476387864821082	OPC	-0.615446690783796	Non-neuron
TGCACCTTCGGGACAA	0.0141314005515015	-0.0039332926507999	OPC	-0.6603349680261102	Non-neuron
TGCATGAAGTGTTCCA	0.1243802885189884	-0.1673311946248	OPC	-0.6234726808780952	Non-neuron
TGCATGACAATCAGGG	0.2218374312208255	0.0219065595575872	OPC	-0.6529264020877981	Non-neuron
TGCATGAGTTCCCGGA	0.12001951126397	0.1356805631935915	OGC	-0.7069208425443051	Non-neuron
TGCATTTCAGGATAGC	0.0364988881501552	-0.0725264291426082	OPC	-0.7322376200405224	Non-neuron
TGCATTTGTAACTGAA	0.1568325022809729	-0.1577151369751513	OGC	-0.596268965998293	Non-neuron
TGCCTCAGTGCGTAGA	0.1713372800025233	-0.1703586830784716	OGC	-0.5573665902209157	Non-neuron
TGCCTCATCACTAGCA	-0.1349382647192046	-0.1626386614823164	OGC	-0.7942424584497317	Non-neuron
TGCCTGTTCGGGATCC	-0.0220292849980408	0.0325843325229315	OGC	-0.7071473360470562	Non-neuron
TGCGTAAAGCAACGGT	-0.0307515554994769	0.0480488274744605	OGC	-0.6812348901707527	Non-neuron
TGCTATTCATAGAATG	-0.033026255060109	-0.0892374124040319	OGC	-0.5877437335031712	Non-neuron
TGCTATTCATGGTAAA	0.0903627659258392	0.1755846249021186	OGC	-0.6750936940281325	Non-neuron
TGCTCACGTCGATAGG	0.269157765938013	-0.0546801195750595	OGC	-0.690165528392922	Non-neuron
TGCTCGTAGACTCTTG	0.0160212670562027	-0.1251305430658032	ASC	-0.745886435721648	Non-neuron
TGCTTCGGTTCTCGAA	-0.0035531013941842	0.2852879891927783	ASC	-0.7520407090797704	Non-neuron
TGCTTCGTCCAACCTC	0.2528968699386005	-0.0417374348148298	OPC	-0.7065932668326365	Non-neuron
TGGAAGGAGACGAAAG	0.2888281026940399	0.0436271672949191	OPC	-0.661028139288242	Non-neuron
TGGAAGGTCGATATGC	0.0162055252314074	0.0899685005349447	OGC	-0.5806377860672748	Non-neuron
TGGACATGTGACCAGA	0.0485616060603994	0.2336740038701161	ASC	-0.7501416355953279	Non-neuron
TGGCAATGTATGGGTG	0.1933746538320746	-0.0362888135009261	OGC	-0.6244481927505983	Non-neuron
TGGCCTTAGGCAAGGG	0.0137986981140195	0.1483639117702798	OPC	-0.6105689359170335	Non-neuron
TGGCCTTAGGGAGATA	0.088193968768703	-0.2059172906413964	ASC	-0.7562742132155804	Non-neuron
TGGCGCACATTGCGAT	-0.0614129076596211	-0.1780662376836081	OGC	-0.709798533585797	Non-neuron
TGGCGCAGTAACGGAC	-0.1446792153301345	-0.1211294645167115	OGC	-0.726354365421459	Non-neuron
TGGCGCATCGACTGGC	-0.563681383030998	-0.0410208026171581	OGC	-0.7565537065859048	Non-neuron
TGGCGCATCTTAACGG	0.0258358332493829	-0.0152021026785018	OGC	-0.5990989198987356	Non-neuron
TGGGTGCGTGTCTACA	-0.0792042100847974	0.1742253255960901	OPC	-0.7879199622011565	Non-neuron
TGGGTGCTCCTAAAGC	-0.0419733582593497	0.2065583746592707	OPC	-0.7649591717089386	Non-neuron
TGGGTTAAGTGTAATG	0.0909498611757645	0.0173858930850579	OPC	-0.6098363854354412	Non-neuron
TGGGTTACAGGTCCTG	0.026854485516076	-0.1879252184641529	OGC	-0.7014558441847916	Non-neuron
TGGGTTATCCGCTCTA	0.2641557496365648	-0.0046266409600659	OPC	-0.6609224444332762	Non-neuron
TGGGTTATCGGGCTCA	-0.1913902452420096	-0.2270075648654035	OGC	-0.78124778148975	Non-neuron
TGGTCAAAGGGACGTT	-0.1472506766096581	0.9451165861176608	ASC	-0.6240915157284319	Non-neuron
TGGTCAAAGTGATAAC	0.06322106001385	-0.1694333723612104	OGC	-0.7378544825071868	Non-neuron
TGGTCAACATCCCAAA	-0.0001085867888341	0.0272011196216608	ASC	-0.6860905636829931	Non-neuron
TGGTCAAGTTCTCGAA	0.2204712323445904	-0.0590811985969586	OGC	-0.7153507010340399	Non-neuron
TGGTCAATCTAGCTGA	0.119821564163725	-0.0787157815622613	OGC	-0.7190277384187558	Non-neuron
TGGTCCTCAAGCGACA	0.1121397508044485	0.1790039078049762	OPC	-0.6680926488703185	Non-neuron
TGTAAGCTCATTCGGA	-0.0392247154845244	0.0826192375240325	OGC	-0.5681957968360519	Non-neuron
TGTACAGAGTAGTGTA	0.1766415486409544	0.1255251866453617	OGC	-0.7252496424885945	Non-neuron
TGTACAGGTGCACCCA	0.1250304842107122	0.1015011005163378	OPC	-0.7337952875149306	Non-neuron
TGTACAGTCGCGATGC	0.1204897893619525	0.1153906742053394	OPC	-0.7393570597720167	Non-neuron
TGTACGAAGACGACTG	0.0292826052612201	0.0887268230110781	OPC	-0.6989029663008374	Non-neuron
TGTGACAAGTATCTGC	0.2411499042025544	-0.0743026518825113	OPC	-0.6997487254159909	Non-neuron
TGTGACAGTCCTTATT	0.134160707231663	-0.1027876569976188	OPC	-0.8476203840959101	Non-neuron
TGTGACATCACGATTG	0.0578670345823945	-0.2487483349996525	OGC	-0.6783860084126286	Non-neuron
TGTGACATCACGGGTC	-0.04974403241647	0.2161802738102634	OGC	-0.6982252180535845	Non-neuron
TGTGGCGCATGGGTGA	0.0891201308750487	0.0694481779300292	OPC	-0.6561706861106262	Non-neuron
TGTGGCGGTATCACAC	0.1276592386072484	0.1190430958737503	OGC	-0.7160728342784466	Non-neuron
TGTGGCGGTGCCCTAG	0.1674003501391579	-0.2013870724034517	OPC	-0.720499257260773	Non-neuron
TGTGGCGGTTAGGAGC	0.2628338585931902	-0.0865517897537939	OGC	-0.6341043889441795	Non-neuron
TGTGTCCAGTGGGACT	0.0618914573854701	-0.1159511179944187	OGC	-0.6270851739551939	Non-neuron
TGTGTCCGTAAACGAT	0.1262314119261888	0.1355061773844251	OPC	-0.6641937498348413	Non-neuron
TGTTAGGCATTATGGC	0.2726345642703378	0.0010351165717629	OGC	-0.5921396547085711	Non-neuron
TGTTAGGTCAAGTTGC	0.1653859398428512	-0.0080593044229245	OPC	-0.589988325768397	Non-neuron
TTAACGGCACTTATGG	-0.0236325128270337	0.1137567527703709	OGC	-0.6005772850638867	Non-neuron
TTAACGGCATTGTGAC	0.0567855480177166	-0.1636490581586578	OGC	-0.778917734295178	Non-neuron
TTAACGGGTTTCTCTA	0.014913385682714	-0.0481125979695902	ASC	-0.6395630777546114	Non-neuron
TTAACGGTCCTAAAGC	0.0951423025376088	-0.0222642915358391	OPC	-0.6816654159197582	Non-neuron
TTAACGGTCTTCGTTA	-0.0042120917318698	-0.0367411321127782	OGC	-0.7089176331208252	Non-neuron
TTACCCGCAAGAGCGT	-0.0371910848344711	-0.2160112919357108	OGC	-0.6967438017011595	Non-neuron
TTACCGCCATTACACG	0.1486008475001299	-0.1245184097180408	OPC	-0.6694738649974766	Non-neuron
TTACGGAGTGAATCAA	0.2680330261964627	-0.0602435473634368	OPC	-0.567119464264976	Non-neuron
TTACGGAGTTTGCATG	0.215949005355939	0.1104766047670824	OPC	-0.6918056265536152	Non-neuron
TTACGGATCACACGTA	0.055300974499276	0.2048504990625699	OPC	-0.7022501277256019	Non-neuron
TTACTCACAAGGAACC	0.015996267463449	0.0123159716859937	OPC	-0.6935470479340059	Non-neuron
TTACTCAGTAGCAGGT	0.2391995376763554	-0.0979966991377412	OPC	-0.6821420241587711	Non-neuron
TTAGCGAAGACGCCAA	0.2203694704992282	-0.1654165202079346	OGC	-0.6211261558336293	Non-neuron
TTAGCGAAGAGCGGTT	-0.3314522896713798	0.0563186361996479	OGC	-0.8771986719516268	Non-neuron
TTAGCGAGTTCGGGAA	-0.0545606939695217	0.2279792755892451	OGC	-0.7332475206522904	Non-neuron
TTAGCGATCCATAACG	0.0116283669620276	-0.013283282781511	OGC	-0.542468717187806	Non-neuron
TTAGCGATCGTTGTTT	-0.2951405816356464	0.0573216438960764	ASC	-0.8591672627987518	Non-neuron
TTAGCTTAGCGGACTA	-0.1332484331167786	-0.2204925155186524	OGC	-0.7509684401444293	Non-neuron
TTAGCTTGTGCTTACA	0.0023170360936189	0.2114750503097056	ASC	-0.6613878896865195	Non-neuron
TTAGGTGGTTGGCTTA	0.1151059201309195	0.1390432594470724	OPC	-0.7506271487706633	Non-neuron
TTATGTCCAATCACTG	0.1995341497648182	-0.1244869290034906	ASC	-0.7377425711842043	Non-neuron
TTATGTCGTCCCGTGA	0.0009619073482156	0.1965576912722166	OGC	-0.7317188917769877	Non-neuron
TTATGTCGTGTTGTTG	-0.1358330289235552	0.1659043283856326	OGC	-0.6335793397584285	Non-neuron
TTATGTCTCATTCATC	-0.2129792392998664	0.2103803093580354	ASC	-0.8186550430297773	Non-neuron
TTCAACTCAAGGTTCT	0.075171102904978	0.1952998978621237	OPC	-0.6397918925371328	Non-neuron
TTCAACTGTTCCCGGA	-0.5005689987553428	0.1960962194002008	ASC	-0.7484918935182111	Non-neuron
TTCAACTTCACCACAA	0.2368189542667878	-0.0441202463937318	OGC	-0.668924602310527	Non-neuron
TTCATCAAGTGAAACT	0.0813272816669748	0.0419306876750552	OPC	-0.7033135033327641	Non-neuron
TTCATTGCACTTACAG	-0.0576348660521544	-0.0926737393090388	OGC	-0.5731944562395384	Non-neuron
TTCGATTGTCAAATCC	0.219474102751539	0.1201943816258333	OGC	-0.7526196444210157	Non-neuron
TTCGATTTCTTTATCG	0.0504331150701811	0.0789081505656906	OPC	-0.6962823032841035	Non-neuron
TTCGCGTAGAGCTCCC	0.0818189622663481	-0.0717570723276291	ASC	-0.743311025726015	Non-neuron
TTCGCGTAGGCATGCA	0.304206120391327	0.0262178958682341	OPC	-0.665457132336475	Non-neuron
TTCGCGTAGTCCAGAG	-0.4686322780201219	0.5372690998567871	ASC	-0.3885383833216228	Non-neuron
TTCGCGTCAACCTCTC	-0.0578615140127375	-0.206076393977932	OGC	-0.6870325371698565	Non-neuron
TTCGCGTCACGCGATC	0.2534580781425062	0.0059599365734884	OGC	-0.7549750875554968	Non-neuron
TTCGCGTGTACATGGG	-0.0189367966551554	0.1555864651636134	ASC	-0.7839726085577204	Non-neuron
TTCGCGTTCCATCGAA	0.2153920630789913	0.0827431397626435	OPC	-0.6479541647940056	Non-neuron
TTCGGTCAGCCGCTGT	0.0595295501139009	0.0780128858914912	OPC	-0.5988243598610075	Non-neuron
TTCGGTCTCAGGTCTA	0.0617955181759029	0.0114894706687504	OPC	-0.5940582849035027	Non-neuron
TTCGGTCTCCTCCAGT	-0.0195727900836389	-0.0484821842357609	ASC	-0.6336710422060593	Non-neuron
TTCGGTCTCGTATAGC	-0.0098860517406921	0.009990963457234	OGC	-0.6504470736149568	Non-neuron
TTCGGTCTCTTCGTTA	-0.2232055258512758	0.147002009892473	ASC	-0.6814243837692513	Non-neuron
TTCGTTAAGCATGTGG	-0.0187732189217128	-0.2077325602748852	ASC	-0.8086541883518777	Non-neuron
TTCGTTATCTCATCCG	0.1671880277531318	0.1349615040032789	OGC	-0.526928010479785	Non-neuron
TTCGTTATCTTAACGG	0.0075051487166375	-0.2122683022005198	OGC	-0.7121473871349853	Non-neuron
TTCTAACCAGCAGGTA	0.2692727996085639	0.0182908978564395	OPC	-0.6415031087714604	Non-neuron
TTCTAACTCGTCCCAT	0.0239375854497862	0.0969629198991385	OGC	-0.6674570479202357	Non-neuron
TTCTGTAAGAATCAAC	0.0390719640667479	-0.1890061993842741	OGC	-0.6849939091524699	Non-neuron
TTCTGTAGTTTGCCAA	0.0824003226679113	0.1524818504481457	OGC	-0.6779532860493374	Non-neuron
TTGACGAAGCTCCATA	0.0575747300043405	-0.0864862349299372	OPC	-0.7768741344759125	Non-neuron
TTGACGAAGTCAGGAC	0.101488799039132	0.0508206672727988	OPC	-0.7721493530836298	Non-neuron
TTGACGACATAGACGG	0.2081474713655821	-0.1186961070850568	OGC	-0.6922408063995505	Non-neuron
TTGAGTGAGATTAGAC	0.1115455176311557	-0.1124491729497737	OGC	-0.657339818092677	Non-neuron
TTGAGTGCATTAACGC	-0.0843344040515093	0.1322589102355886	OGC	-0.6463164916012549	Non-neuron
TTGCACCCACATTGCA	-0.600588527218345	0.0113178937839387	OPC	-0.8821403996137688	Non-neuron
TTGCAGACACACTAGT	-0.4672075979570858	0.4416034295214395	ASC	-0.6145213505883953	Non-neuron
TTGCAGAGTCCGGTAC	-0.1948128161328975	-0.1273617354751176	OGC	-0.8262017390705201	Non-neuron
TTGCCCAAGGGCATTG	-0.3887630890732458	-0.2434712363768156	ASC	-0.9014776944865164	Non-neuron
TTGCCCACAGATACAA	-0.5083448056105898	0.2003364346274757	ASC	-0.6770373482855236	Non-neuron
TTGCCCAGTCTGTTGA	0.0385970902212652	-0.2362679616514326	ASC	-0.5876399465479065	Non-neuron
TTGCCCAGTGGTACTT	0.0569703887299023	0.1670817457793622	OPC	-0.7013027416283776	Non-neuron
TTGCCCATCGCCTTAC	0.0452962811873823	-0.3201599515154638	ASC	-0.6084311331819459	Non-neuron
TTGCGAAGTTTCGACA	-0.0919724792076246	-0.0804281429990532	OGC	-0.7104109213480665	Non-neuron
TTGCGAATCCTTCGAC	0.1889535897005204	-0.0810548041824005	ASC	-0.7237064035172414	Non-neuron
TTGCGGGAGAACGTCG	-0.0324512038265524	-0.1687098571608625	OGC	-0.7059319995741723	Non-neuron
TTGCTATAGAAGACTT	-0.0161711868149841	0.1587538463777519	OGC	-0.6714181766759518	Non-neuron
TTGCTATGTCATTGGT	0.1451336633772989	-0.0357897138636911	ASC	-0.7455476497852507	Non-neuron
TTGGTCCCATAGTCCA	0.232798101714753	-0.0322847894860594	OPC	-0.7233140815844401	Non-neuron
TTGGTCCTCGTGGTAT	-0.0709394686821509	-0.1700464599179779	ASC	-0.5936073465918854	Non-neuron
TTGTCTAGTAGCGTTT	-0.4852169342149409	-0.2547704078320558	ASC	-0.8235882896074085	Non-neuron
TTGTCTAGTGCGTTTA	0.2082876530965295	-0.1091174225132195	ASC	-0.7294812852088339	Non-neuron
TTGTTCACATTTGGTG	0.0093926166079883	0.0549550067608107	OPC	-0.7010088141776267	Non-neuron
TTGTTCAGTGCCCGAT	0.22645791541721	-0.0170785774833463	OPC	-0.6990993800069256	Non-neuron
TTGTTGTTCTGGCTAA	-0.0626670132708397	0.1622266924993034	ASC	-0.6992688054567279	Non-neuron
TTTACGTGTTCTGAAC	0.196641209733799	0.0945113027485721	OPC	-0.6937868388036871	Non-neuron
TTTACGTGTTTAAGGA	-0.5873752411256485	-0.0540492476482759	ASC	-0.7271506200606745	Non-neuron
TTTACGTTCTGAGTAC	0.1309327276300144	0.0993625461898934	OGC	-0.7264865843027655	Non-neuron
TTTGAGGGTGGCGCTT	0.2101940628720821	-0.0671149713390917	OPC	-0.6492991775710945	Non-neuron
TTTGAGGTCTGCCGAG	0.170421632958589	0.2606398424813757	OGC	-0.7319628928639075	Non-neuron
TTTGCGCAGGAAGACA	0.1866685295386583	-0.09441731515659	ASC	-0.6782924309068158	Non-neuron
TTTGGCCAGGGAAGCG	0.1394717268224753	0.0063050972035406	ASC	-0.6541078865352382	Non-neuron
TTTGGCCTCCACACCT	0.2171622141242404	-0.1232919945939972	OPC	-0.6344555167514874	Non-neuron
